country_code,year,haq_interpolated
AFG,1990,24.7
AFG,1991,24.66
AFG,1992,24.62
AFG,1993,24.58
AFG,1994,24.54
AFG,1995,24.5
AFG,1996,24.56
AFG,1997,24.62
AFG,1998,24.68
AFG,1999,24.740000000000002
AFG,2000,24.8
AFG,2001,25.26
AFG,2002,25.720000000000002
AFG,2003,26.18
AFG,2004,26.64
AFG,2005,27.1
AFG,2006,27.560000000000002
AFG,2007,28.02
AFG,2008,28.48
AFG,2009,28.939999999999998
AFG,2010,29.4
AFG,2011,30.02
AFG,2012,30.64
AFG,2013,31.259999999999998
AFG,2014,31.88
AFG,2015,32.5
AGO,1990,25.8
AGO,1991,26.26
AGO,1992,26.720000000000002
AGO,1993,27.18
AGO,1994,27.64
AGO,1995,28.1
AGO,1996,28.720000000000002
AGO,1997,29.34
AGO,1998,29.96
AGO,1999,30.58
AGO,2000,31.2
AGO,2001,32.08
AGO,2002,32.96
AGO,2003,33.84
AGO,2004,34.72
AGO,2005,35.6
AGO,2006,36.02
AGO,2007,36.440000000000005
AGO,2008,36.86
AGO,2009,37.28
AGO,2010,37.7
AGO,2011,38.300000000000004
AGO,2012,38.900000000000006
AGO,2013,39.5
AGO,2014,40.1
AGO,2015,40.7
ALB,1990,62.4
ALB,1991,62.94
ALB,1992,63.48
ALB,1993,64.02
ALB,1994,64.56
ALB,1995,65.1
ALB,1996,65.78
ALB,1997,66.46
ALB,1998,67.14
ALB,1999,67.82
ALB,2000,68.5
ALB,2001,69.12
ALB,2002,69.74
ALB,2003,70.36
ALB,2004,70.97999999999999
ALB,2005,71.6
ALB,2006,72.33999999999999
ALB,2007,73.08
ALB,2008,73.82
ALB,2009,74.56
ALB,2010,75.3
ALB,2011,75.88
ALB,2012,76.46
ALB,2013,77.04
ALB,2014,77.62
ALB,2015,78.2
AND,1990,84.7
AND,1991,85.36
AND,1992,86.02
AND,1993,86.68
AND,1994,87.34
AND,1995,88.0
AND,1996,88.62
AND,1997,89.24
AND,1998,89.86
AND,1999,90.47999999999999
AND,2000,91.1
AND,2001,91.39999999999999
AND,2002,91.69999999999999
AND,2003,92.0
AND,2004,92.3
AND,2005,92.6
AND,2006,92.88
AND,2007,93.16
AND,2008,93.44
AND,2009,93.72
AND,2010,94.0
AND,2011,94.12
AND,2012,94.24
AND,2013,94.36
AND,2014,94.47999999999999
AND,2015,94.6
ARE,1990,56.9
ARE,1991,57.68
ARE,1992,58.46
ARE,1993,59.239999999999995
ARE,1994,60.019999999999996
ARE,1995,60.8
ARE,1996,61.58
ARE,1997,62.36
ARE,1998,63.14
ARE,1999,63.92
ARE,2000,64.7
ARE,2001,65.56
ARE,2002,66.42
ARE,2003,67.28
ARE,2004,68.14
ARE,2005,69.0
ARE,2006,69.48
ARE,2007,69.96000000000001
ARE,2008,70.44
ARE,2009,70.92
ARE,2010,71.4
ARE,2011,71.56
ARE,2012,71.72
ARE,2013,71.88000000000001
ARE,2014,72.04
ARE,2015,72.2
ARG,1990,57.4
ARG,1991,57.98
ARG,1992,58.559999999999995
ARG,1993,59.14
ARG,1994,59.72
ARG,1995,60.3
ARG,1996,60.94
ARG,1997,61.58
ARG,1998,62.22
ARG,1999,62.86
ARG,2000,63.5
ARG,2001,63.86
ARG,2002,64.22
ARG,2003,64.58
ARG,2004,64.94
ARG,2005,65.3
ARG,2006,65.56
ARG,2007,65.82
ARG,2008,66.08
ARG,2009,66.33999999999999
ARG,2010,66.6
ARG,2011,66.96
ARG,2012,67.32
ARG,2013,67.68
ARG,2014,68.04
ARG,2015,68.4
ARM,1990,56.8
ARM,1991,56.559999999999995
ARM,1992,56.32
ARM,1993,56.08
ARM,1994,55.84
ARM,1995,55.6
ARM,1996,56.28
ARM,1997,56.96
ARM,1998,57.64
ARM,1999,58.32
ARM,2000,59.0
ARM,2001,59.2
ARM,2002,59.4
ARM,2003,59.6
ARM,2004,59.8
ARM,2005,60.0
ARM,2006,60.74
ARM,2007,61.480000000000004
ARM,2008,62.22
ARM,2009,62.96
ARM,2010,63.7
ARM,2011,64.46000000000001
ARM,2012,65.22
ARM,2013,65.98
ARM,2014,66.74
ARM,2015,67.5
ASM,1990,54.6
ASM,1991,54.800000000000004
ASM,1992,55.0
ASM,1993,55.2
ASM,1994,55.4
ASM,1995,55.6
ASM,1996,56.52
ASM,1997,57.440000000000005
ASM,1998,58.36
ASM,1999,59.28
ASM,2000,60.2
ASM,2001,60.5
ASM,2002,60.800000000000004
ASM,2003,61.1
ASM,2004,61.400000000000006
ASM,2005,61.7
ASM,2006,61.980000000000004
ASM,2007,62.260000000000005
ASM,2008,62.54
ASM,2009,62.82
ASM,2010,63.1
ASM,2011,63.14
ASM,2012,63.18
ASM,2013,63.22
ASM,2014,63.26
ASM,2015,63.3
ATG,1990,56.6
ATG,1991,56.84
ATG,1992,57.08
ATG,1993,57.32
ATG,1994,57.559999999999995
ATG,1995,57.8
ATG,1996,58.3
ATG,1997,58.8
ATG,1998,59.3
ATG,1999,59.8
ATG,2000,60.3
ATG,2001,60.739999999999995
ATG,2002,61.18
ATG,2003,61.62
ATG,2004,62.06
ATG,2005,62.5
ATG,2006,62.980000000000004
ATG,2007,63.46
ATG,2008,63.940000000000005
ATG,2009,64.42
ATG,2010,64.9
ATG,2011,65.26
ATG,2012,65.62
ATG,2013,65.98
ATG,2014,66.34
ATG,2015,66.7
AUS,1990,78.0
AUS,1991,78.56
AUS,1992,79.12
AUS,1993,79.67999999999999
AUS,1994,80.24
AUS,1995,80.8
AUS,1996,81.38
AUS,1997,81.96
AUS,1998,82.54
AUS,1999,83.12
AUS,2000,83.7
AUS,2001,84.2
AUS,2002,84.7
AUS,2003,85.2
AUS,2004,85.7
AUS,2005,86.2
AUS,2006,86.60000000000001
AUS,2007,87.0
AUS,2008,87.4
AUS,2009,87.8
AUS,2010,88.2
AUS,2011,88.52
AUS,2012,88.84
AUS,2013,89.16
AUS,2014,89.48
AUS,2015,89.8
AUT,1990,74.4
AUT,1991,75.16000000000001
AUT,1992,75.92
AUT,1993,76.68
AUT,1994,77.44
AUT,1995,78.2
AUT,1996,78.88
AUT,1997,79.56
AUT,1998,80.24
AUT,1999,80.92
AUT,2000,81.6
AUT,2001,82.11999999999999
AUT,2002,82.64
AUT,2003,83.16
AUT,2004,83.68
AUT,2005,84.2
AUT,2006,84.58
AUT,2007,84.96
AUT,2008,85.34
AUT,2009,85.72
AUT,2010,86.1
AUT,2011,86.52
AUT,2012,86.94
AUT,2013,87.36
AUT,2014,87.78
AUT,2015,88.2
AZE,1990,52.9
AZE,1991,52.68
AZE,1992,52.46
AZE,1993,52.239999999999995
AZE,1994,52.019999999999996
AZE,1995,51.8
AZE,1996,52.16
AZE,1997,52.519999999999996
AZE,1998,52.88
AZE,1999,53.24
AZE,2000,53.6
AZE,2001,53.96
AZE,2002,54.32
AZE,2003,54.68
AZE,2004,55.04
AZE,2005,55.4
AZE,2006,56.3
AZE,2007,57.199999999999996
AZE,2008,58.1
AZE,2009,59.0
AZE,2010,59.9
AZE,2011,60.82
AZE,2012,61.74
AZE,2013,62.66
AZE,2014,63.58
AZE,2015,64.5
BDI,1990,23.5
BDI,1991,23.48
BDI,1992,23.46
BDI,1993,23.439999999999998
BDI,1994,23.419999999999998
BDI,1995,23.4
BDI,1996,24.119999999999997
BDI,1997,24.84
BDI,1998,25.56
BDI,1999,26.28
BDI,2000,27.0
BDI,2001,28.7
BDI,2002,30.4
BDI,2003,32.1
BDI,2004,33.8
BDI,2005,35.5
BDI,2006,36.5
BDI,2007,37.5
BDI,2008,38.5
BDI,2009,39.5
BDI,2010,40.5
BDI,2011,40.48
BDI,2012,40.46
BDI,2013,40.44
BDI,2014,40.42
BDI,2015,40.4
BEL,1990,75.4
BEL,1991,76.08
BEL,1992,76.76
BEL,1993,77.44
BEL,1994,78.12
BEL,1995,78.8
BEL,1996,79.36
BEL,1997,79.92
BEL,1998,80.47999999999999
BEL,1999,81.03999999999999
BEL,2000,81.6
BEL,2001,82.19999999999999
BEL,2002,82.8
BEL,2003,83.39999999999999
BEL,2004,84.0
BEL,2005,84.6
BEL,2006,84.94
BEL,2007,85.28
BEL,2008,85.61999999999999
BEL,2009,85.96
BEL,2010,86.3
BEL,2011,86.62
BEL,2012,86.94
BEL,2013,87.26
BEL,2014,87.58
BEL,2015,87.9
BEN,1990,36.9
BEN,1991,36.92
BEN,1992,36.94
BEN,1993,36.96
BEN,1994,36.98
BEN,1995,37.0
BEN,1996,37.06
BEN,1997,37.12
BEN,1998,37.18
BEN,1999,37.239999999999995
BEN,2000,37.3
BEN,2001,37.919999999999995
BEN,2002,38.54
BEN,2003,39.16
BEN,2004,39.78
BEN,2005,40.4
BEN,2006,40.62
BEN,2007,40.839999999999996
BEN,2008,41.06
BEN,2009,41.28
BEN,2010,41.5
BEN,2011,41.8
BEN,2012,42.1
BEN,2013,42.4
BEN,2014,42.7
BEN,2015,43.0
BFA,1990,32.9
BFA,1991,33.14
BFA,1992,33.38
BFA,1993,33.62
BFA,1994,33.86
BFA,1995,34.1
BFA,1996,34.480000000000004
BFA,1997,34.86
BFA,1998,35.24
BFA,1999,35.62
BFA,2000,36.0
BFA,2001,36.86
BFA,2002,37.72
BFA,2003,38.58
BFA,2004,39.44
BFA,2005,40.3
BFA,2006,40.78
BFA,2007,41.26
BFA,2008,41.74
BFA,2009,42.22
BFA,2010,42.7
BFA,2011,42.74
BFA,2012,42.78
BFA,2013,42.82
BFA,2014,42.86
BFA,2015,42.9
BGD,1990,32.6
BGD,1991,33.24
BGD,1992,33.88
BGD,1993,34.519999999999996
BGD,1994,35.16
BGD,1995,35.8
BGD,1996,36.559999999999995
BGD,1997,37.32
BGD,1998,38.08
BGD,1999,38.84
BGD,2000,39.6
BGD,2001,40.54
BGD,2002,41.48
BGD,2003,42.42
BGD,2004,43.36
BGD,2005,44.3
BGD,2006,45.18
BGD,2007,46.06
BGD,2008,46.94
BGD,2009,47.82
BGD,2010,48.7
BGD,2011,49.300000000000004
BGD,2012,49.900000000000006
BGD,2013,50.5
BGD,2014,51.1
BGD,2015,51.7
BGR,1990,63.0
BGR,1991,63.04
BGR,1992,63.08
BGR,1993,63.120000000000005
BGR,1994,63.160000000000004
BGR,1995,63.2
BGR,1996,63.52
BGR,1997,63.84
BGR,1998,64.16
BGR,1999,64.48
BGR,2000,64.8
BGR,2001,65.17999999999999
BGR,2002,65.56
BGR,2003,65.94
BGR,2004,66.32000000000001
BGR,2005,66.7
BGR,2006,66.94
BGR,2007,67.18
BGR,2008,67.42
BGR,2009,67.66000000000001
BGR,2010,67.9
BGR,2011,68.60000000000001
BGR,2012,69.30000000000001
BGR,2013,70.0
BGR,2014,70.7
BGR,2015,71.4
BHR,1990,59.7
BHR,1991,60.400000000000006
BHR,1992,61.1
BHR,1993,61.800000000000004
BHR,1994,62.5
BHR,1995,63.2
BHR,1996,64.02
BHR,1997,64.84
BHR,1998,65.66
BHR,1999,66.48
BHR,2000,67.3
BHR,2001,68.1
BHR,2002,68.89999999999999
BHR,2003,69.7
BHR,2004,70.5
BHR,2005,71.3
BHR,2006,72.48
BHR,2007,73.66
BHR,2008,74.84
BHR,2009,76.02
BHR,2010,77.2
BHR,2011,77.56
BHR,2012,77.92
BHR,2013,78.28
BHR,2014,78.64
BHR,2015,79.0
BIH,1990,60.9
BIH,1991,61.14
BIH,1992,61.38
BIH,1993,61.62
BIH,1994,61.86
BIH,1995,62.1
BIH,1996,63.44
BIH,1997,64.78
BIH,1998,66.12
BIH,1999,67.46
BIH,2000,68.8
BIH,2001,69.46
BIH,2002,70.11999999999999
BIH,2003,70.78
BIH,2004,71.44
BIH,2005,72.1
BIH,2006,72.74
BIH,2007,73.38
BIH,2008,74.02
BIH,2009,74.66
BIH,2010,75.3
BIH,2011,75.88
BIH,2012,76.46
BIH,2013,77.04
BIH,2014,77.62
BIH,2015,78.2
BLR,1990,63.9
BLR,1991,63.76
BLR,1992,63.62
BLR,1993,63.480000000000004
BLR,1994,63.34
BLR,1995,63.2
BLR,1996,63.68
BLR,1997,64.16
BLR,1998,64.64
BLR,1999,65.11999999999999
BLR,2000,65.6
BLR,2001,66.08
BLR,2002,66.56
BLR,2003,67.03999999999999
BLR,2004,67.52
BLR,2005,68.0
BLR,2006,68.74
BLR,2007,69.48
BLR,2008,70.22
BLR,2009,70.96000000000001
BLR,2010,71.7
BLR,2011,72.24000000000001
BLR,2012,72.78
BLR,2013,73.32000000000001
BLR,2014,73.86
BLR,2015,74.4
BLZ,1990,49.7
BLZ,1991,49.86
BLZ,1992,50.02
BLZ,1993,50.18
BLZ,1994,50.34
BLZ,1995,50.5
BLZ,1996,50.52
BLZ,1997,50.54
BLZ,1998,50.56
BLZ,1999,50.58
BLZ,2000,50.6
BLZ,2001,51.22
BLZ,2002,51.84
BLZ,2003,52.46
BLZ,2004,53.080000000000005
BLZ,2005,53.7
BLZ,2006,54.22
BLZ,2007,54.74
BLZ,2008,55.26
BLZ,2009,55.78
BLZ,2010,56.3
BLZ,2011,56.699999999999996
BLZ,2012,57.099999999999994
BLZ,2013,57.5
BLZ,2014,57.9
BLZ,2015,58.3
BMU,1990,60.8
BMU,1991,61.599999999999994
BMU,1992,62.4
BMU,1993,63.199999999999996
BMU,1994,64.0
BMU,1995,64.8
BMU,1996,66.16
BMU,1997,67.52
BMU,1998,68.88
BMU,1999,70.24
BMU,2000,71.6
BMU,2001,72.1
BMU,2002,72.6
BMU,2003,73.1
BMU,2004,73.6
BMU,2005,74.1
BMU,2006,74.67999999999999
BMU,2007,75.25999999999999
BMU,2008,75.84
BMU,2009,76.42
BMU,2010,77.0
BMU,2011,77.4
BMU,2012,77.8
BMU,2013,78.2
BMU,2014,78.6
BMU,2015,79.0
BOL,1990,40.5
BOL,1991,41.16
BOL,1992,41.82
BOL,1993,42.48
BOL,1994,43.14
BOL,1995,43.8
BOL,1996,44.739999999999995
BOL,1997,45.68
BOL,1998,46.62
BOL,1999,47.56
BOL,2000,48.5
BOL,2001,49.46
BOL,2002,50.42
BOL,2003,51.379999999999995
BOL,2004,52.339999999999996
BOL,2005,53.3
BOL,2006,53.919999999999995
BOL,2007,54.54
BOL,2008,55.16
BOL,2009,55.78
BOL,2010,56.4
BOL,2011,56.96
BOL,2012,57.52
BOL,2013,58.08
BOL,2014,58.64
BOL,2015,59.2
BRA,1990,50.1
BRA,1991,50.84
BRA,1992,51.58
BRA,1993,52.32
BRA,1994,53.059999999999995
BRA,1995,53.8
BRA,1996,54.44
BRA,1997,55.08
BRA,1998,55.72
BRA,1999,56.36
BRA,2000,57.0
BRA,2001,57.58
BRA,2002,58.16
BRA,2003,58.74
BRA,2004,59.32
BRA,2005,59.9
BRA,2006,60.44
BRA,2007,60.98
BRA,2008,61.52
BRA,2009,62.06
BRA,2010,62.6
BRA,2011,63.06
BRA,2012,63.52
BRA,2013,63.980000000000004
BRA,2014,64.44
BRA,2015,64.9
BRB,1990,55.9
BRB,1991,56.62
BRB,1992,57.339999999999996
BRB,1993,58.06
BRB,1994,58.78
BRB,1995,59.5
BRB,1996,60.12
BRB,1997,60.74
BRB,1998,61.36
BRB,1999,61.980000000000004
BRB,2000,62.6
BRB,2001,62.94
BRB,2002,63.28
BRB,2003,63.62
BRB,2004,63.96
BRB,2005,64.3
BRB,2006,64.53999999999999
BRB,2007,64.78
BRB,2008,65.02
BRB,2009,65.26
BRB,2010,65.5
BRB,2011,65.76
BRB,2012,66.02
BRB,2013,66.28
BRB,2014,66.53999999999999
BRB,2015,66.8
BRN,1990,62.0
BRN,1991,62.46
BRN,1992,62.92
BRN,1993,63.379999999999995
BRN,1994,63.839999999999996
BRN,1995,64.3
BRN,1996,64.78
BRN,1997,65.26
BRN,1998,65.74
BRN,1999,66.22
BRN,2000,66.7
BRN,2001,67.08
BRN,2002,67.46
BRN,2003,67.84
BRN,2004,68.22
BRN,2005,68.6
BRN,2006,68.78
BRN,2007,68.96
BRN,2008,69.14
BRN,2009,69.32
BRN,2010,69.5
BRN,2011,69.6
BRN,2012,69.7
BRN,2013,69.8
BRN,2014,69.9
BRN,2015,70.0
BTN,1990,34.6
BTN,1991,35.2
BTN,1992,35.800000000000004
BTN,1993,36.4
BTN,1994,37.0
BTN,1995,37.6
BTN,1996,38.54
BTN,1997,39.48
BTN,1998,40.42
BTN,1999,41.36
BTN,2000,42.3
BTN,2001,43.08
BTN,2002,43.86
BTN,2003,44.64
BTN,2004,45.42
BTN,2005,46.2
BTN,2006,46.980000000000004
BTN,2007,47.760000000000005
BTN,2008,48.54
BTN,2009,49.32
BTN,2010,50.1
BTN,2011,50.620000000000005
BTN,2012,51.14
BTN,2013,51.660000000000004
BTN,2014,52.18
BTN,2015,52.7
BWA,1990,44.9
BWA,1991,45.0
BWA,1992,45.1
BWA,1993,45.199999999999996
BWA,1994,45.3
BWA,1995,45.4
BWA,1996,45.06
BWA,1997,44.72
BWA,1998,44.38
BWA,1999,44.04
BWA,2000,43.7
BWA,2001,43.74
BWA,2002,43.78
BWA,2003,43.82
BWA,2004,43.86
BWA,2005,43.9
BWA,2006,44.839999999999996
BWA,2007,45.78
BWA,2008,46.72
BWA,2009,47.660000000000004
BWA,2010,48.6
BWA,2011,49.1
BWA,2012,49.6
BWA,2013,50.1
BWA,2014,50.6
BWA,2015,51.1
CAF,1990,25.5
CAF,1991,25.56
CAF,1992,25.62
CAF,1993,25.68
CAF,1994,25.740000000000002
CAF,1995,25.8
CAF,1996,25.98
CAF,1997,26.16
CAF,1998,26.34
CAF,1999,26.52
CAF,2000,26.7
CAF,2001,26.96
CAF,2002,27.22
CAF,2003,27.48
CAF,2004,27.74
CAF,2005,28.0
CAF,2006,28.16
CAF,2007,28.32
CAF,2008,28.48
CAF,2009,28.64
CAF,2010,28.8
CAF,2011,28.76
CAF,2012,28.720000000000002
CAF,2013,28.68
CAF,2014,28.64
CAF,2015,28.6
CAN,1990,78.9
CAN,1991,79.26
CAN,1992,79.62
CAN,1993,79.98
CAN,1994,80.34
CAN,1995,80.7
CAN,1996,81.2
CAN,1997,81.7
CAN,1998,82.2
CAN,1999,82.7
CAN,2000,83.2
CAN,2001,83.5
CAN,2002,83.8
CAN,2003,84.10000000000001
CAN,2004,84.4
CAN,2005,84.7
CAN,2006,85.02
CAN,2007,85.34
CAN,2008,85.66
CAN,2009,85.98
CAN,2010,86.3
CAN,2011,86.56
CAN,2012,86.82
CAN,2013,87.08
CAN,2014,87.33999999999999
CAN,2015,87.6
CHE,1990,81.4
CHE,1991,81.80000000000001
CHE,1992,82.2
CHE,1993,82.60000000000001
CHE,1994,83.0
CHE,1995,83.4
CHE,1996,83.80000000000001
CHE,1997,84.2
CHE,1998,84.60000000000001
CHE,1999,85.0
CHE,2000,85.4
CHE,2001,85.96000000000001
CHE,2002,86.52000000000001
CHE,2003,87.08
CHE,2004,87.64
CHE,2005,88.2
CHE,2006,88.58
CHE,2007,88.96
CHE,2008,89.34
CHE,2009,89.72
CHE,2010,90.1
CHE,2011,90.44
CHE,2012,90.78
CHE,2013,91.11999999999999
CHE,2014,91.46
CHE,2015,91.8
CHL,1990,58.8
CHL,1991,59.879999999999995
CHL,1992,60.96
CHL,1993,62.04
CHL,1994,63.120000000000005
CHL,1995,64.2
CHL,1996,65.2
CHL,1997,66.2
CHL,1998,67.2
CHL,1999,68.2
CHL,2000,69.2
CHL,2001,69.76
CHL,2002,70.32000000000001
CHL,2003,70.88
CHL,2004,71.44
CHL,2005,72.0
CHL,2006,72.38
CHL,2007,72.76
CHL,2008,73.14
CHL,2009,73.52000000000001
CHL,2010,73.9
CHL,2011,74.32000000000001
CHL,2012,74.74000000000001
CHL,2013,75.16
CHL,2014,75.58
CHL,2015,76.0
CHN,1990,49.5
CHN,1991,50.34
CHN,1992,51.18
CHN,1993,52.02
CHN,1994,52.86
CHN,1995,53.7
CHN,1996,54.52
CHN,1997,55.34
CHN,1998,56.16
CHN,1999,56.98
CHN,2000,57.8
CHN,2001,58.98
CHN,2002,60.16
CHN,2003,61.34
CHN,2004,62.52
CHN,2005,63.7
CHN,2006,64.94
CHN,2007,66.18
CHN,2008,67.42
CHN,2009,68.66000000000001
CHN,2010,69.9
CHN,2011,70.76
CHN,2012,71.62
CHN,2013,72.48
CHN,2014,73.34
CHN,2015,74.2
CIV,1990,35.5
CIV,1991,35.04
CIV,1992,34.58
CIV,1993,34.120000000000005
CIV,1994,33.660000000000004
CIV,1995,33.2
CIV,1996,33.440000000000005
CIV,1997,33.68
CIV,1998,33.92
CIV,1999,34.16
CIV,2000,34.4
CIV,2001,35.04
CIV,2002,35.68
CIV,2003,36.32
CIV,2004,36.96
CIV,2005,37.6
CIV,2006,38.22
CIV,2007,38.84
CIV,2008,39.46
CIV,2009,40.080000000000005
CIV,2010,40.7
CIV,2011,41.04
CIV,2012,41.38
CIV,2013,41.72
CIV,2014,42.06
CIV,2015,42.4
CMR,1990,38.3
CMR,1991,38.18
CMR,1992,38.06
CMR,1993,37.94
CMR,1994,37.82
CMR,1995,37.7
CMR,1996,37.6
CMR,1997,37.5
CMR,1998,37.400000000000006
CMR,1999,37.300000000000004
CMR,2000,37.2
CMR,2001,37.96
CMR,2002,38.72
CMR,2003,39.480000000000004
CMR,2004,40.24
CMR,2005,41.0
CMR,2006,41.3
CMR,2007,41.6
CMR,2008,41.9
CMR,2009,42.2
CMR,2010,42.5
CMR,2011,42.88
CMR,2012,43.26
CMR,2013,43.64
CMR,2014,44.019999999999996
CMR,2015,44.4
COD,1990,35.6
COD,1991,35.7
COD,1992,35.800000000000004
COD,1993,35.9
COD,1994,36.0
COD,1995,36.1
COD,1996,36.120000000000005
COD,1997,36.14
COD,1998,36.160000000000004
COD,1999,36.18
COD,2000,36.2
COD,2001,36.580000000000005
COD,2002,36.96
COD,2003,37.34
COD,2004,37.72
COD,2005,38.1
COD,2006,38.34
COD,2007,38.58
COD,2008,38.82
COD,2009,39.059999999999995
COD,2010,39.3
COD,2011,39.519999999999996
COD,2012,39.739999999999995
COD,2013,39.96
COD,2014,40.18
COD,2015,40.4
COG,1990,32.2
COG,1991,32.04
COG,1992,31.880000000000003
COG,1993,31.72
COG,1994,31.56
COG,1995,31.4
COG,1996,31.779999999999998
COG,1997,32.16
COG,1998,32.54
COG,1999,32.919999999999995
COG,2000,33.3
COG,2001,34.5
COG,2002,35.699999999999996
COG,2003,36.9
COG,2004,38.099999999999994
COG,2005,39.3
COG,2006,39.68
COG,2007,40.06
COG,2008,40.44
COG,2009,40.82
COG,2010,41.2
COG,2011,41.660000000000004
COG,2012,42.120000000000005
COG,2013,42.58
COG,2014,43.04
COG,2015,43.5
COL,1990,51.1
COL,1991,51.86
COL,1992,52.62
COL,1993,53.38
COL,1994,54.14
COL,1995,54.9
COL,1996,55.6
COL,1997,56.3
COL,1998,57.0
COL,1999,57.699999999999996
COL,2000,58.4
COL,2001,59.04
COL,2002,59.68
COL,2003,60.32
COL,2004,60.96
COL,2005,61.6
COL,2006,62.160000000000004
COL,2007,62.720000000000006
COL,2008,63.28
COL,2009,63.84
COL,2010,64.4
COL,2011,65.08
COL,2012,65.76
COL,2013,66.44
COL,2014,67.12
COL,2015,67.8
COM,1990,32.7
COM,1991,33.02
COM,1992,33.34
COM,1993,33.66
COM,1994,33.98
COM,1995,34.3
COM,1996,35.12
COM,1997,35.94
COM,1998,36.76
COM,1999,37.58
COM,2000,38.4
COM,2001,39.54
COM,2002,40.68
COM,2003,41.82
COM,2004,42.96
COM,2005,44.1
COM,2006,44.72
COM,2007,45.34
COM,2008,45.96
COM,2009,46.580000000000005
COM,2010,47.2
COM,2011,47.300000000000004
COM,2012,47.400000000000006
COM,2013,47.5
COM,2014,47.6
COM,2015,47.7
CPV,1990,50.1
CPV,1991,49.94
CPV,1992,49.78
CPV,1993,49.62
CPV,1994,49.46
CPV,1995,49.3
CPV,1996,49.599999999999994
CPV,1997,49.9
CPV,1998,50.199999999999996
CPV,1999,50.5
CPV,2000,50.8
CPV,2001,51.379999999999995
CPV,2002,51.96
CPV,2003,52.54
CPV,2004,53.120000000000005
CPV,2005,53.7
CPV,2006,54.54
CPV,2007,55.38
CPV,2008,56.22
CPV,2009,57.06
CPV,2010,57.9
CPV,2011,58.66
CPV,2012,59.42
CPV,2013,60.18
CPV,2014,60.940000000000005
CPV,2015,61.7
CRI,1990,62.1
CRI,1991,62.24
CRI,1992,62.38
CRI,1993,62.519999999999996
CRI,1994,62.66
CRI,1995,62.8
CRI,1996,63.32
CRI,1997,63.84
CRI,1998,64.36
CRI,1999,64.88000000000001
CRI,2000,65.4
CRI,2001,66.04
CRI,2002,66.68
CRI,2003,67.32
CRI,2004,67.96
CRI,2005,68.6
CRI,2006,69.03999999999999
CRI,2007,69.47999999999999
CRI,2008,69.92
CRI,2009,70.36
CRI,2010,70.8
CRI,2011,71.22
CRI,2012,71.64
CRI,2013,72.06
CRI,2014,72.48
CRI,2015,72.9
CUB,1990,64.1
CUB,1991,64.32
CUB,1992,64.53999999999999
CUB,1993,64.76
CUB,1994,64.98
CUB,1995,65.2
CUB,1996,65.7
CUB,1997,66.2
CUB,1998,66.7
CUB,1999,67.2
CUB,2000,67.7
CUB,2001,68.26
CUB,2002,68.82000000000001
CUB,2003,69.38
CUB,2004,69.94
CUB,2005,70.5
CUB,2006,70.82
CUB,2007,71.14
CUB,2008,71.46
CUB,2009,71.78
CUB,2010,72.1
CUB,2011,72.38
CUB,2012,72.66
CUB,2013,72.94
CUB,2014,73.22
CUB,2015,73.5
CYP,1990,72.0
CYP,1991,72.28
CYP,1992,72.56
CYP,1993,72.84
CYP,1994,73.12
CYP,1995,73.4
CYP,1996,74.0
CYP,1997,74.60000000000001
CYP,1998,75.2
CYP,1999,75.80000000000001
CYP,2000,76.4
CYP,2001,76.96000000000001
CYP,2002,77.52000000000001
CYP,2003,78.08
CYP,2004,78.64
CYP,2005,79.2
CYP,2006,79.88
CYP,2007,80.56
CYP,2008,81.24
CYP,2009,81.92
CYP,2010,82.6
CYP,2011,83.14
CYP,2012,83.67999999999999
CYP,2013,84.22
CYP,2014,84.75999999999999
CYP,2015,85.3
CZE,1990,68.3
CZE,1991,69.28
CZE,1992,70.26
CZE,1993,71.24
CZE,1994,72.22
CZE,1995,73.2
CZE,1996,73.98
CZE,1997,74.76
CZE,1998,75.53999999999999
CZE,1999,76.32
CZE,2000,77.1
CZE,2001,77.52
CZE,2002,77.94
CZE,2003,78.36
CZE,2004,78.78
CZE,2005,79.2
CZE,2006,79.72
CZE,2007,80.24
CZE,2008,80.76
CZE,2009,81.28
CZE,2010,81.8
CZE,2011,82.39999999999999
CZE,2012,83.0
CZE,2013,83.6
CZE,2014,84.2
CZE,2015,84.8
DEU,1990,73.1
DEU,1991,73.89999999999999
DEU,1992,74.69999999999999
DEU,1993,75.5
DEU,1994,76.3
DEU,1995,77.1
DEU,1996,77.8
DEU,1997,78.5
DEU,1998,79.19999999999999
DEU,1999,79.89999999999999
DEU,2000,80.6
DEU,2001,81.11999999999999
DEU,2002,81.64
DEU,2003,82.16
DEU,2004,82.68
DEU,2005,83.2
DEU,2006,83.54
DEU,2007,83.88000000000001
DEU,2008,84.22
DEU,2009,84.56
DEU,2010,84.9
DEU,2011,85.2
DEU,2012,85.5
DEU,2013,85.80000000000001
DEU,2014,86.10000000000001
DEU,2015,86.4
DJI,1990,38.9
DJI,1991,38.879999999999995
DJI,1992,38.86
DJI,1993,38.839999999999996
DJI,1994,38.82
DJI,1995,38.8
DJI,1996,38.919999999999995
DJI,1997,39.04
DJI,1998,39.16
DJI,1999,39.28
DJI,2000,39.4
DJI,2001,39.699999999999996
DJI,2002,40.0
DJI,2003,40.3
DJI,2004,40.6
DJI,2005,40.9
DJI,2006,41.36
DJI,2007,41.82
DJI,2008,42.28
DJI,2009,42.74
DJI,2010,43.2
DJI,2011,43.5
DJI,2012,43.800000000000004
DJI,2013,44.1
DJI,2014,44.400000000000006
DJI,2015,44.7
DMA,1990,53.0
DMA,1991,53.32
DMA,1992,53.64
DMA,1993,53.96
DMA,1994,54.28
DMA,1995,54.6
DMA,1996,55.22
DMA,1997,55.84
DMA,1998,56.46
DMA,1999,57.080000000000005
DMA,2000,57.7
DMA,2001,57.96
DMA,2002,58.22
DMA,2003,58.480000000000004
DMA,2004,58.74
DMA,2005,59.0
DMA,2006,58.9
DMA,2007,58.8
DMA,2008,58.7
DMA,2009,58.6
DMA,2010,58.5
DMA,2011,58.42
DMA,2012,58.34
DMA,2013,58.26
DMA,2014,58.18
DMA,2015,58.1
DNK,1990,76.6
DNK,1991,76.72
DNK,1992,76.84
DNK,1993,76.96
DNK,1994,77.08
DNK,1995,77.2
DNK,1996,77.66
DNK,1997,78.12
DNK,1998,78.58
DNK,1999,79.04
DNK,2000,79.5
DNK,2001,79.98
DNK,2002,80.46000000000001
DNK,2003,80.94
DNK,2004,81.42
DNK,2005,81.9
DNK,2006,82.24000000000001
DNK,2007,82.58
DNK,2008,82.92
DNK,2009,83.25999999999999
DNK,2010,83.6
DNK,2011,84.02
DNK,2012,84.44
DNK,2013,84.86
DNK,2014,85.28
DNK,2015,85.7
DOM,1990,47.9
DOM,1991,48.76
DOM,1992,49.62
DOM,1993,50.480000000000004
DOM,1994,51.34
DOM,1995,52.2
DOM,1996,53.080000000000005
DOM,1997,53.96
DOM,1998,54.84
DOM,1999,55.72
DOM,2000,56.6
DOM,2001,57.0
DOM,2002,57.4
DOM,2003,57.800000000000004
DOM,2004,58.2
DOM,2005,58.6
DOM,2006,59.04
DOM,2007,59.48
DOM,2008,59.92
DOM,2009,60.36
DOM,2010,60.8
DOM,2011,61.14
DOM,2012,61.48
DOM,2013,61.82
DOM,2014,62.16
DOM,2015,62.5
DZA,1990,48.2
DZA,1991,49.080000000000005
DZA,1992,49.96
DZA,1993,50.84
DZA,1994,51.72
DZA,1995,52.6
DZA,1996,53.32
DZA,1997,54.04
DZA,1998,54.760000000000005
DZA,1999,55.480000000000004
DZA,2000,56.2
DZA,2001,56.88
DZA,2002,57.56
DZA,2003,58.24
DZA,2004,58.92
DZA,2005,59.6
DZA,2006,60.120000000000005
DZA,2007,60.64
DZA,2008,61.160000000000004
DZA,2009,61.68
DZA,2010,62.2
DZA,2011,62.5
DZA,2012,62.800000000000004
DZA,2013,63.1
DZA,2014,63.400000000000006
DZA,2015,63.7
ECU,1990,45.4
ECU,1991,46.06
ECU,1992,46.72
ECU,1993,47.38
ECU,1994,48.04
ECU,1995,48.7
ECU,1996,49.660000000000004
ECU,1997,50.620000000000005
ECU,1998,51.58
ECU,1999,52.54
ECU,2000,53.5
ECU,2001,54.02
ECU,2002,54.54
ECU,2003,55.06
ECU,2004,55.58
ECU,2005,56.1
ECU,2006,56.6
ECU,2007,57.1
ECU,2008,57.6
ECU,2009,58.1
ECU,2010,58.6
ECU,2011,59.120000000000005
ECU,2012,59.64
ECU,2013,60.160000000000004
ECU,2014,60.68
ECU,2015,61.2
EGY,1990,45.0
EGY,1991,45.86
EGY,1992,46.72
EGY,1993,47.58
EGY,1994,48.44
EGY,1995,49.3
EGY,1996,50.32
EGY,1997,51.339999999999996
EGY,1998,52.36
EGY,1999,53.379999999999995
EGY,2000,54.4
EGY,2001,54.9
EGY,2002,55.4
EGY,2003,55.9
EGY,2004,56.4
EGY,2005,56.9
EGY,2006,57.16
EGY,2007,57.42
EGY,2008,57.68
EGY,2009,57.940000000000005
EGY,2010,58.2
EGY,2011,58.760000000000005
EGY,2012,59.32
EGY,2013,59.88
EGY,2014,60.44
EGY,2015,61.0
ERI,1990,28.9
ERI,1991,30.18
ERI,1992,31.459999999999997
ERI,1993,32.739999999999995
ERI,1994,34.019999999999996
ERI,1995,35.3
ERI,1996,35.839999999999996
ERI,1997,36.379999999999995
ERI,1998,36.92
ERI,1999,37.46
ERI,2000,38.0
ERI,2001,38.16
ERI,2002,38.32
ERI,2003,38.48
ERI,2004,38.64
ERI,2005,38.8
ERI,2006,38.599999999999994
ERI,2007,38.4
ERI,2008,38.199999999999996
ERI,2009,38.0
ERI,2010,37.8
ERI,2011,37.86
ERI,2012,37.92
ERI,2013,37.98
ERI,2014,38.04
ERI,2015,38.1
ESP,1990,73.9
ESP,1991,74.74000000000001
ESP,1992,75.58
ESP,1993,76.42
ESP,1994,77.25999999999999
ESP,1995,78.1
ESP,1996,78.75999999999999
ESP,1997,79.42
ESP,1998,80.08
ESP,1999,80.74000000000001
ESP,2000,81.4
ESP,2001,81.94
ESP,2002,82.48
ESP,2003,83.02
ESP,2004,83.56
ESP,2005,84.1
ESP,2006,84.72
ESP,2007,85.34
ESP,2008,85.96
ESP,2009,86.58
ESP,2010,87.2
ESP,2011,87.68
ESP,2012,88.16
ESP,2013,88.64
ESP,2014,89.11999999999999
ESP,2015,89.6
EST,1990,65.8
EST,1991,65.14
EST,1992,64.48
EST,1993,63.82
EST,1994,63.16
EST,1995,62.5
EST,1996,63.480000000000004
EST,1997,64.46000000000001
EST,1998,65.44
EST,1999,66.42
EST,2000,67.4
EST,2001,68.2
EST,2002,69.0
EST,2003,69.80000000000001
EST,2004,70.60000000000001
EST,2005,71.4
EST,2006,72.62
EST,2007,73.84
EST,2008,75.06
EST,2009,76.28
EST,2010,77.5
EST,2011,78.28
EST,2012,79.06
EST,2013,79.84
EST,2014,80.62
EST,2015,81.4
ETH,1990,23.1
ETH,1991,23.84
ETH,1992,24.580000000000002
ETH,1993,25.32
ETH,1994,26.060000000000002
ETH,1995,26.8
ETH,1996,27.560000000000002
ETH,1997,28.32
ETH,1998,29.080000000000002
ETH,1999,29.84
ETH,2000,30.6
ETH,2001,31.46
ETH,2002,32.32
ETH,2003,33.18
ETH,2004,34.04
ETH,2005,34.9
ETH,2006,36.0
ETH,2007,37.1
ETH,2008,38.199999999999996
ETH,2009,39.3
ETH,2010,40.4
ETH,2011,41.16
ETH,2012,41.92
ETH,2013,42.68
ETH,2014,43.440000000000005
ETH,2015,44.2
FIN,1990,75.4
FIN,1991,76.08
FIN,1992,76.76
FIN,1993,77.44
FIN,1994,78.12
FIN,1995,78.8
FIN,1996,79.44
FIN,1997,80.08
FIN,1998,80.72
FIN,1999,81.36
FIN,2000,82.0
FIN,2001,82.5
FIN,2002,83.0
FIN,2003,83.5
FIN,2004,84.0
FIN,2005,84.5
FIN,2006,85.04
FIN,2007,85.58
FIN,2008,86.12
FIN,2009,86.66
FIN,2010,87.2
FIN,2011,87.68
FIN,2012,88.16
FIN,2013,88.64
FIN,2014,89.11999999999999
FIN,2015,89.6
FJI,1990,43.9
FJI,1991,43.94
FJI,1992,43.98
FJI,1993,44.02
FJI,1994,44.06
FJI,1995,44.1
FJI,1996,44.22
FJI,1997,44.34
FJI,1998,44.46
FJI,1999,44.580000000000005
FJI,2000,44.7
FJI,2001,44.760000000000005
FJI,2002,44.82
FJI,2003,44.88
FJI,2004,44.94
FJI,2005,45.0
FJI,2006,45.08
FJI,2007,45.16
FJI,2008,45.24
FJI,2009,45.32
FJI,2010,45.4
FJI,2011,45.64
FJI,2012,45.88
FJI,2013,46.12
FJI,2014,46.36
FJI,2015,46.6
FRA,1990,74.3
FRA,1991,74.94
FRA,1992,75.58
FRA,1993,76.22
FRA,1994,76.86
FRA,1995,77.5
FRA,1996,78.06
FRA,1997,78.62
FRA,1998,79.17999999999999
FRA,1999,79.74
FRA,2000,80.3
FRA,2001,81.08
FRA,2002,81.86
FRA,2003,82.64
FRA,2004,83.42
FRA,2005,84.2
FRA,2006,84.5
FRA,2007,84.8
FRA,2008,85.10000000000001
FRA,2009,85.4
FRA,2010,85.7
FRA,2011,86.14
FRA,2012,86.58
FRA,2013,87.02000000000001
FRA,2014,87.46000000000001
FRA,2015,87.9
FSM,1990,41.1
FSM,1991,41.6
FSM,1992,42.1
FSM,1993,42.6
FSM,1994,43.1
FSM,1995,43.6
FSM,1996,44.24
FSM,1997,44.88
FSM,1998,45.519999999999996
FSM,1999,46.16
FSM,2000,46.8
FSM,2001,47.4
FSM,2002,48.0
FSM,2003,48.599999999999994
FSM,2004,49.199999999999996
FSM,2005,49.8
FSM,2006,50.14
FSM,2007,50.48
FSM,2008,50.82
FSM,2009,51.16
FSM,2010,51.5
FSM,2011,51.96
FSM,2012,52.42
FSM,2013,52.879999999999995
FSM,2014,53.339999999999996
FSM,2015,53.8
GAB,1990,39.1
GAB,1991,39.300000000000004
GAB,1992,39.5
GAB,1993,39.7
GAB,1994,39.9
GAB,1995,40.1
GAB,1996,40.44
GAB,1997,40.78
GAB,1998,41.12
GAB,1999,41.46
GAB,2000,41.8
GAB,2001,42.26
GAB,2002,42.72
GAB,2003,43.18
GAB,2004,43.64
GAB,2005,44.1
GAB,2006,44.96
GAB,2007,45.82
GAB,2008,46.68
GAB,2009,47.54
GAB,2010,48.4
GAB,2011,49.0
GAB,2012,49.6
GAB,2013,50.199999999999996
GAB,2014,50.8
GAB,2015,51.4
GBR,1990,74.3
GBR,1991,74.75999999999999
GBR,1992,75.22
GBR,1993,75.67999999999999
GBR,1994,76.14
GBR,1995,76.6
GBR,1996,76.96
GBR,1997,77.32
GBR,1998,77.68
GBR,1999,78.04
GBR,2000,78.4
GBR,2001,78.84
GBR,2002,79.28
GBR,2003,79.72
GBR,2004,80.16
GBR,2005,80.6
GBR,2006,81.02
GBR,2007,81.44
GBR,2008,81.86
GBR,2009,82.28
GBR,2010,82.7
GBR,2011,83.08
GBR,2012,83.46
GBR,2013,83.84
GBR,2014,84.22
GBR,2015,84.6
GEO,1990,58.4
GEO,1991,58.76
GEO,1992,59.12
GEO,1993,59.480000000000004
GEO,1994,59.84
GEO,1995,60.2
GEO,1996,60.34
GEO,1997,60.480000000000004
GEO,1998,60.62
GEO,1999,60.76
GEO,2000,60.9
GEO,2001,60.86
GEO,2002,60.82
GEO,2003,60.78
GEO,2004,60.74
GEO,2005,60.7
GEO,2006,60.72
GEO,2007,60.74
GEO,2008,60.76
GEO,2009,60.78
GEO,2010,60.8
GEO,2011,61.059999999999995
GEO,2012,61.32
GEO,2013,61.58
GEO,2014,61.84
GEO,2015,62.1
GHA,1990,34.8
GHA,1991,35.54
GHA,1992,36.28
GHA,1993,37.019999999999996
GHA,1994,37.76
GHA,1995,38.5
GHA,1996,38.86
GHA,1997,39.22
GHA,1998,39.58
GHA,1999,39.94
GHA,2000,40.3
GHA,2001,41.08
GHA,2002,41.86
GHA,2003,42.64
GHA,2004,43.42
GHA,2005,44.2
GHA,2006,44.82
GHA,2007,45.44
GHA,2008,46.06
GHA,2009,46.68
GHA,2010,47.3
GHA,2011,47.78
GHA,2012,48.26
GHA,2013,48.74
GHA,2014,49.22
GHA,2015,49.7
GIN,1990,32.6
GIN,1991,32.800000000000004
GIN,1992,33.0
GIN,1993,33.2
GIN,1994,33.4
GIN,1995,33.6
GIN,1996,33.68
GIN,1997,33.76
GIN,1998,33.84
GIN,1999,33.92
GIN,2000,34.0
GIN,2001,34.6
GIN,2002,35.2
GIN,2003,35.8
GIN,2004,36.4
GIN,2005,37.0
GIN,2006,37.12
GIN,2007,37.24
GIN,2008,37.36
GIN,2009,37.480000000000004
GIN,2010,37.6
GIN,2011,37.800000000000004
GIN,2012,38.0
GIN,2013,38.2
GIN,2014,38.4
GIN,2015,38.6
GMB,1990,41.3
GMB,1991,41.519999999999996
GMB,1992,41.739999999999995
GMB,1993,41.96
GMB,1994,42.18
GMB,1995,42.4
GMB,1996,42.58
GMB,1997,42.76
GMB,1998,42.94
GMB,1999,43.12
GMB,2000,43.3
GMB,2001,43.76
GMB,2002,44.22
GMB,2003,44.68
GMB,2004,45.14
GMB,2005,45.6
GMB,2006,46.02
GMB,2007,46.440000000000005
GMB,2008,46.86
GMB,2009,47.28
GMB,2010,47.7
GMB,2011,48.1
GMB,2012,48.5
GMB,2013,48.900000000000006
GMB,2014,49.300000000000004
GMB,2015,49.7
GNB,1990,32.7
GNB,1991,32.78
GNB,1992,32.86
GNB,1993,32.940000000000005
GNB,1994,33.02
GNB,1995,33.1
GNB,1996,33.2
GNB,1997,33.300000000000004
GNB,1998,33.4
GNB,1999,33.5
GNB,2000,33.6
GNB,2001,33.54
GNB,2002,33.48
GNB,2003,33.42
GNB,2004,33.36
GNB,2005,33.3
GNB,2006,33.66
GNB,2007,34.019999999999996
GNB,2008,34.38
GNB,2009,34.74
GNB,2010,35.1
GNB,2011,35.34
GNB,2012,35.58
GNB,2013,35.82
GNB,2014,36.059999999999995
GNB,2015,36.3
GNQ,1990,26.1
GNQ,1991,26.380000000000003
GNQ,1992,26.66
GNQ,1993,26.94
GNQ,1994,27.22
GNQ,1995,27.5
GNQ,1996,29.08
GNQ,1997,30.66
GNQ,1998,32.24
GNQ,1999,33.82
GNQ,2000,35.4
GNQ,2001,36.9
GNQ,2002,38.4
GNQ,2003,39.9
GNQ,2004,41.4
GNQ,2005,42.9
GNQ,2006,43.44
GNQ,2007,43.98
GNQ,2008,44.52
GNQ,2009,45.06
GNQ,2010,45.6
GNQ,2011,46.160000000000004
GNQ,2012,46.72
GNQ,2013,47.28
GNQ,2014,47.839999999999996
GNQ,2015,48.4
GRC,1990,76.5
GRC,1991,77.1
GRC,1992,77.7
GRC,1993,78.3
GRC,1994,78.9
GRC,1995,79.5
GRC,1996,80.04
GRC,1997,80.58
GRC,1998,81.12
GRC,1999,81.66
GRC,2000,82.2
GRC,2001,82.64
GRC,2002,83.08
GRC,2003,83.52000000000001
GRC,2004,83.96000000000001
GRC,2005,84.4
GRC,2006,84.56
GRC,2007,84.72
GRC,2008,84.88000000000001
GRC,2009,85.04
GRC,2010,85.2
GRC,2011,85.56
GRC,2012,85.92
GRC,2013,86.28
GRC,2014,86.64
GRC,2015,87.0
GRD,1990,49.4
GRD,1991,50.08
GRD,1992,50.76
GRD,1993,51.44
GRD,1994,52.12
GRD,1995,52.8
GRD,1996,53.04
GRD,1997,53.28
GRD,1998,53.519999999999996
GRD,1999,53.76
GRD,2000,54.0
GRD,2001,54.22
GRD,2002,54.44
GRD,2003,54.660000000000004
GRD,2004,54.88
GRD,2005,55.1
GRD,2006,55.480000000000004
GRD,2007,55.86
GRD,2008,56.24
GRD,2009,56.62
GRD,2010,57.0
GRD,2011,57.26
GRD,2012,57.519999999999996
GRD,2013,57.78
GRD,2014,58.04
GRD,2015,58.3
GRL,1990,59.0
GRL,1991,59.66
GRL,1992,60.32
GRL,1993,60.98
GRL,1994,61.64
GRL,1995,62.3
GRL,1996,62.699999999999996
GRL,1997,63.099999999999994
GRL,1998,63.5
GRL,1999,63.9
GRL,2000,64.3
GRL,2001,64.6
GRL,2002,64.89999999999999
GRL,2003,65.2
GRL,2004,65.5
GRL,2005,65.8
GRL,2006,66.25999999999999
GRL,2007,66.72
GRL,2008,67.17999999999999
GRL,2009,67.64
GRL,2010,68.1
GRL,2011,68.67999999999999
GRL,2012,69.25999999999999
GRL,2013,69.84
GRL,2014,70.42
GRL,2015,71.0
GTM,1990,40.1
GTM,1991,40.96
GTM,1992,41.82
GTM,1993,42.68
GTM,1994,43.54
GTM,1995,44.4
GTM,1996,45.26
GTM,1997,46.12
GTM,1998,46.980000000000004
GTM,1999,47.84
GTM,2000,48.7
GTM,2001,49.22
GTM,2002,49.74
GTM,2003,50.26
GTM,2004,50.78
GTM,2005,51.3
GTM,2006,51.68
GTM,2007,52.06
GTM,2008,52.44
GTM,2009,52.82
GTM,2010,53.2
GTM,2011,53.7
GTM,2012,54.2
GTM,2013,54.7
GTM,2014,55.2
GTM,2015,55.7
GUM,1990,61.5
GUM,1991,61.92
GUM,1992,62.34
GUM,1993,62.76
GUM,1994,63.18
GUM,1995,63.6
GUM,1996,64.28
GUM,1997,64.96000000000001
GUM,1998,65.64
GUM,1999,66.32
GUM,2000,67.0
GUM,2001,66.88
GUM,2002,66.76
GUM,2003,66.64
GUM,2004,66.52000000000001
GUM,2005,66.4
GUM,2006,65.86
GUM,2007,65.32000000000001
GUM,2008,64.78
GUM,2009,64.24000000000001
GUM,2010,63.7
GUM,2011,63.64
GUM,2012,63.58
GUM,2013,63.52
GUM,2014,63.46
GUM,2015,63.4
GUY,1990,39.3
GUY,1991,39.699999999999996
GUY,1992,40.099999999999994
GUY,1993,40.5
GUY,1994,40.9
GUY,1995,41.3
GUY,1996,41.54
GUY,1997,41.78
GUY,1998,42.019999999999996
GUY,1999,42.26
GUY,2000,42.5
GUY,2001,42.94
GUY,2002,43.38
GUY,2003,43.82
GUY,2004,44.260000000000005
GUY,2005,44.7
GUY,2006,45.160000000000004
GUY,2007,45.620000000000005
GUY,2008,46.08
GUY,2009,46.54
GUY,2010,47.0
GUY,2011,47.56
GUY,2012,48.12
GUY,2013,48.68
GUY,2014,49.239999999999995
GUY,2015,49.8
HND,1990,42.3
HND,1991,42.98
HND,1992,43.66
HND,1993,44.34
HND,1994,45.02
HND,1995,45.7
HND,1996,46.080000000000005
HND,1997,46.46
HND,1998,46.84
HND,1999,47.22
HND,2000,47.6
HND,2001,47.980000000000004
HND,2002,48.36
HND,2003,48.74
HND,2004,49.12
HND,2005,49.5
HND,2006,49.96
HND,2007,50.42
HND,2008,50.879999999999995
HND,2009,51.339999999999996
HND,2010,51.8
HND,2011,52.22
HND,2012,52.64
HND,2013,53.059999999999995
HND,2014,53.48
HND,2015,53.9
HRV,1990,68.8
HRV,1991,69.12
HRV,1992,69.44
HRV,1993,69.76
HRV,1994,70.08
HRV,1995,70.4
HRV,1996,71.0
HRV,1997,71.60000000000001
HRV,1998,72.2
HRV,1999,72.80000000000001
HRV,2000,73.4
HRV,2001,74.08
HRV,2002,74.76
HRV,2003,75.44
HRV,2004,76.12
HRV,2005,76.8
HRV,2006,77.22
HRV,2007,77.64
HRV,2008,78.06
HRV,2009,78.48
HRV,2010,78.9
HRV,2011,79.44
HRV,2012,79.98
HRV,2013,80.52
HRV,2014,81.06
HRV,2015,81.6
HTI,1990,24.9
HTI,1991,25.759999999999998
HTI,1992,26.619999999999997
HTI,1993,27.48
HTI,1994,28.34
HTI,1995,29.2
HTI,1996,29.9
HTI,1997,30.6
HTI,1998,31.3
HTI,1999,32.0
HTI,2000,32.7
HTI,2001,33.120000000000005
HTI,2002,33.54
HTI,2003,33.96
HTI,2004,34.379999999999995
HTI,2005,34.8
HTI,2006,35.019999999999996
HTI,2007,35.239999999999995
HTI,2008,35.46
HTI,2009,35.68
HTI,2010,35.9
HTI,2011,36.42
HTI,2012,36.94
HTI,2013,37.46
HTI,2014,37.98
HTI,2015,38.5
HUN,1990,64.6
HUN,1991,65.11999999999999
HUN,1992,65.64
HUN,1993,66.16
HUN,1994,66.68
HUN,1995,67.2
HUN,1996,67.96000000000001
HUN,1997,68.72
HUN,1998,69.48
HUN,1999,70.24
HUN,2000,71.0
HUN,2001,71.54
HUN,2002,72.08
HUN,2003,72.62
HUN,2004,73.16
HUN,2005,73.7
HUN,2006,74.18
HUN,2007,74.66
HUN,2008,75.14
HUN,2009,75.61999999999999
HUN,2010,76.1
HUN,2011,76.8
HUN,2012,77.5
HUN,2013,78.19999999999999
HUN,2014,78.89999999999999
HUN,2015,79.6
IDN,1990,37.2
IDN,1991,37.7
IDN,1992,38.2
IDN,1993,38.7
IDN,1994,39.2
IDN,1995,39.7
IDN,1996,40.02
IDN,1997,40.34
IDN,1998,40.66
IDN,1999,40.98
IDN,2000,41.3
IDN,2001,41.8
IDN,2002,42.3
IDN,2003,42.8
IDN,2004,43.3
IDN,2005,43.8
IDN,2006,44.4
IDN,2007,45.0
IDN,2008,45.599999999999994
IDN,2009,46.199999999999996
IDN,2010,46.8
IDN,2011,47.28
IDN,2012,47.76
IDN,2013,48.24
IDN,2014,48.72
IDN,2015,49.2
IND,1990,30.7
IND,1991,31.18
IND,1992,31.66
IND,1993,32.14
IND,1994,32.620000000000005
IND,1995,33.1
IND,1996,33.54
IND,1997,33.98
IND,1998,34.42
IND,1999,34.86
IND,2000,35.3
IND,2001,35.879999999999995
IND,2002,36.46
IND,2003,37.04
IND,2004,37.620000000000005
IND,2005,38.2
IND,2006,38.800000000000004
IND,2007,39.400000000000006
IND,2008,40.0
IND,2009,40.6
IND,2010,41.2
IND,2011,41.92
IND,2012,42.64
IND,2013,43.36
IND,2014,44.08
IND,2015,44.8
IRL,1990,75.6
IRL,1991,76.16
IRL,1992,76.72
IRL,1993,77.28
IRL,1994,77.84
IRL,1995,78.4
IRL,1996,78.64
IRL,1997,78.88
IRL,1998,79.12
IRL,1999,79.36
IRL,2000,79.6
IRL,2001,80.38
IRL,2002,81.16
IRL,2003,81.94
IRL,2004,82.72
IRL,2005,83.5
IRL,2006,84.0
IRL,2007,84.5
IRL,2008,85.0
IRL,2009,85.5
IRL,2010,86.0
IRL,2011,86.48
IRL,2012,86.96000000000001
IRL,2013,87.44
IRL,2014,87.92
IRL,2015,88.4
IRN,1990,54.6
IRN,1991,55.6
IRN,1992,56.6
IRN,1993,57.6
IRN,1994,58.6
IRN,1995,59.6
IRN,1996,60.38
IRN,1997,61.160000000000004
IRN,1998,61.94
IRN,1999,62.72
IRN,2000,63.5
IRN,2001,63.94
IRN,2002,64.38
IRN,2003,64.82000000000001
IRN,2004,65.26
IRN,2005,65.7
IRN,2006,66.34
IRN,2007,66.98
IRN,2008,67.62
IRN,2009,68.26
IRN,2010,68.9
IRN,2011,69.34
IRN,2012,69.78
IRN,2013,70.22
IRN,2014,70.66
IRN,2015,71.1
IRQ,1990,51.1
IRQ,1991,51.02
IRQ,1992,50.940000000000005
IRQ,1993,50.86
IRQ,1994,50.78
IRQ,1995,50.7
IRQ,1996,50.92
IRQ,1997,51.14
IRQ,1998,51.36
IRQ,1999,51.58
IRQ,2000,51.8
IRQ,2001,52.32
IRQ,2002,52.839999999999996
IRQ,2003,53.36
IRQ,2004,53.879999999999995
IRQ,2005,54.4
IRQ,2006,54.96
IRQ,2007,55.52
IRQ,2008,56.08
IRQ,2009,56.64
IRQ,2010,57.2
IRQ,2011,57.78
IRQ,2012,58.36
IRQ,2013,58.940000000000005
IRQ,2014,59.52
IRQ,2015,60.1
ISL,1990,81.9
ISL,1991,82.36
ISL,1992,82.82000000000001
ISL,1993,83.28
ISL,1994,83.74000000000001
ISL,1995,84.2
ISL,1996,84.78
ISL,1997,85.36
ISL,1998,85.94
ISL,1999,86.52
ISL,2000,87.1
ISL,2001,87.64
ISL,2002,88.17999999999999
ISL,2003,88.72
ISL,2004,89.25999999999999
ISL,2005,89.8
ISL,2006,90.25999999999999
ISL,2007,90.72
ISL,2008,91.17999999999999
ISL,2009,91.64
ISL,2010,92.1
ISL,2011,92.39999999999999
ISL,2012,92.69999999999999
ISL,2013,93.0
ISL,2014,93.3
ISL,2015,93.6
ISR,1990,71.3
ISR,1991,71.89999999999999
ISR,1992,72.5
ISR,1993,73.1
ISR,1994,73.7
ISR,1995,74.3
ISR,1996,74.94
ISR,1997,75.58
ISR,1998,76.22
ISR,1999,76.86
ISR,2000,77.5
ISR,2001,78.06
ISR,2002,78.62
ISR,2003,79.17999999999999
ISR,2004,79.74
ISR,2005,80.3
ISR,2006,80.98
ISR,2007,81.66
ISR,2008,82.34
ISR,2009,83.02
ISR,2010,83.7
ISR,2011,84.06
ISR,2012,84.42
ISR,2013,84.78
ISR,2014,85.14
ISR,2015,85.5
ITA,1990,76.2
ITA,1991,76.78
ITA,1992,77.36
ITA,1993,77.94
ITA,1994,78.52
ITA,1995,79.1
ITA,1996,79.78
ITA,1997,80.46
ITA,1998,81.14
ITA,1999,81.82
ITA,2000,82.5
ITA,2001,83.1
ITA,2002,83.7
ITA,2003,84.3
ITA,2004,84.9
ITA,2005,85.5
ITA,2006,85.9
ITA,2007,86.3
ITA,2008,86.7
ITA,2009,87.1
ITA,2010,87.5
ITA,2011,87.74
ITA,2012,87.98
ITA,2013,88.22
ITA,2014,88.46000000000001
ITA,2015,88.7
JAM,1990,55.0
JAM,1991,55.6
JAM,1992,56.2
JAM,1993,56.8
JAM,1994,57.4
JAM,1995,58.0
JAM,1996,58.3
JAM,1997,58.6
JAM,1998,58.9
JAM,1999,59.2
JAM,2000,59.5
JAM,2001,60.04
JAM,2002,60.58
JAM,2003,61.120000000000005
JAM,2004,61.660000000000004
JAM,2005,62.2
JAM,2006,62.34
JAM,2007,62.480000000000004
JAM,2008,62.62
JAM,2009,62.76
JAM,2010,62.9
JAM,2011,63.06
JAM,2012,63.22
JAM,2013,63.38
JAM,2014,63.54
JAM,2015,63.7
JOR,1990,59.1
JOR,1991,59.68
JOR,1992,60.26
JOR,1993,60.84
JOR,1994,61.42
JOR,1995,62.0
JOR,1996,62.6
JOR,1997,63.2
JOR,1998,63.8
JOR,1999,64.4
JOR,2000,65.0
JOR,2001,65.68
JOR,2002,66.36
JOR,2003,67.04
JOR,2004,67.72
JOR,2005,68.4
JOR,2006,69.58
JOR,2007,70.76
JOR,2008,71.94
JOR,2009,73.12
JOR,2010,74.3
JOR,2011,74.74
JOR,2012,75.17999999999999
JOR,2013,75.62
JOR,2014,76.06
JOR,2015,76.5
JPN,1990,78.3
JPN,1991,78.78
JPN,1992,79.26
JPN,1993,79.74
JPN,1994,80.22
JPN,1995,80.7
JPN,1996,81.14
JPN,1997,81.58
JPN,1998,82.02000000000001
JPN,1999,82.46000000000001
JPN,2000,82.9
JPN,2001,83.44
JPN,2002,83.98
JPN,2003,84.52
JPN,2004,85.06
JPN,2005,85.6
JPN,2006,86.03999999999999
JPN,2007,86.47999999999999
JPN,2008,86.92
JPN,2009,87.36
JPN,2010,87.8
JPN,2011,88.03999999999999
JPN,2012,88.28
JPN,2013,88.52
JPN,2014,88.76
JPN,2015,89.0
KAZ,1990,55.1
KAZ,1991,54.06
KAZ,1992,53.02
KAZ,1993,51.98
KAZ,1994,50.94
KAZ,1995,49.9
KAZ,1996,50.18
KAZ,1997,50.46
KAZ,1998,50.739999999999995
KAZ,1999,51.019999999999996
KAZ,2000,51.3
KAZ,2001,51.419999999999995
KAZ,2002,51.54
KAZ,2003,51.66
KAZ,2004,51.78
KAZ,2005,51.9
KAZ,2006,53.1
KAZ,2007,54.3
KAZ,2008,55.5
KAZ,2009,56.699999999999996
KAZ,2010,57.9
KAZ,2011,58.54
KAZ,2012,59.18
KAZ,2013,59.82
KAZ,2014,60.46
KAZ,2015,61.1
KEN,1990,42.6
KEN,1991,42.54
KEN,1992,42.48
KEN,1993,42.42
KEN,1994,42.36
KEN,1995,42.3
KEN,1996,42.64
KEN,1997,42.98
KEN,1998,43.32
KEN,1999,43.66
KEN,2000,44.0
KEN,2001,44.48
KEN,2002,44.96
KEN,2003,45.44
KEN,2004,45.92
KEN,2005,46.4
KEN,2006,46.62
KEN,2007,46.839999999999996
KEN,2008,47.06
KEN,2009,47.28
KEN,2010,47.5
KEN,2011,47.74
KEN,2012,47.980000000000004
KEN,2013,48.22
KEN,2014,48.46
KEN,2015,48.7
KGZ,1990,52.5
KGZ,1991,52.34
KGZ,1992,52.18
KGZ,1993,52.02
KGZ,1994,51.86
KGZ,1995,51.7
KGZ,1996,51.84
KGZ,1997,51.980000000000004
KGZ,1998,52.12
KGZ,1999,52.26
KGZ,2000,52.4
KGZ,2001,52.839999999999996
KGZ,2002,53.28
KGZ,2003,53.72
KGZ,2004,54.160000000000004
KGZ,2005,54.6
KGZ,2006,55.22
KGZ,2007,55.84
KGZ,2008,56.46
KGZ,2009,57.080000000000005
KGZ,2010,57.7
KGZ,2011,58.24
KGZ,2012,58.78
KGZ,2013,59.32
KGZ,2014,59.86
KGZ,2015,60.4
KHM,1990,30.0
KHM,1991,30.26
KHM,1992,30.52
KHM,1993,30.78
KHM,1994,31.04
KHM,1995,31.3
KHM,1996,31.86
KHM,1997,32.42
KHM,1998,32.980000000000004
KHM,1999,33.54
KHM,2000,34.1
KHM,2001,35.42
KHM,2002,36.74
KHM,2003,38.06
KHM,2004,39.38
KHM,2005,40.7
KHM,2006,41.660000000000004
KHM,2007,42.620000000000005
KHM,2008,43.58
KHM,2009,44.54
KHM,2010,45.5
KHM,2011,46.54
KHM,2012,47.58
KHM,2013,48.620000000000005
KHM,2014,49.660000000000004
KHM,2015,50.7
KIR,1990,35.4
KIR,1991,35.62
KIR,1992,35.839999999999996
KIR,1993,36.06
KIR,1994,36.28
KIR,1995,36.5
KIR,1996,37.14
KIR,1997,37.78
KIR,1998,38.42
KIR,1999,39.06
KIR,2000,39.7
KIR,2001,39.980000000000004
KIR,2002,40.260000000000005
KIR,2003,40.54
KIR,2004,40.82
KIR,2005,41.1
KIR,2006,41.6
KIR,2007,42.1
KIR,2008,42.6
KIR,2009,43.1
KIR,2010,43.6
KIR,2011,43.86
KIR,2012,44.12
KIR,2013,44.38
KIR,2014,44.64
KIR,2015,44.9
KOR,1990,61.7
KOR,1991,63.46
KOR,1992,65.22
KOR,1993,66.98
KOR,1994,68.74
KOR,1995,70.5
KOR,1996,71.32
KOR,1997,72.14
KOR,1998,72.96
KOR,1999,73.78
KOR,2000,74.6
KOR,2001,75.75999999999999
KOR,2002,76.92
KOR,2003,78.08
KOR,2004,79.24000000000001
KOR,2005,80.4
KOR,2006,81.10000000000001
KOR,2007,81.80000000000001
KOR,2008,82.5
KOR,2009,83.2
KOR,2010,83.9
KOR,2011,84.28
KOR,2012,84.66
KOR,2013,85.04
KOR,2014,85.42
KOR,2015,85.8
KWT,1990,71.7
KWT,1991,71.64
KWT,1992,71.58
KWT,1993,71.52000000000001
KWT,1994,71.46000000000001
KWT,1995,71.4
KWT,1996,72.10000000000001
KWT,1997,72.80000000000001
KWT,1998,73.5
KWT,1999,74.2
KWT,2000,74.9
KWT,2001,75.06
KWT,2002,75.22
KWT,2003,75.38000000000001
KWT,2004,75.54
KWT,2005,75.7
KWT,2006,76.10000000000001
KWT,2007,76.5
KWT,2008,76.9
KWT,2009,77.3
KWT,2010,77.7
KWT,2011,78.56
KWT,2012,79.42
KWT,2013,80.28
KWT,2014,81.14
KWT,2015,82.0
LAO,1990,23.8
LAO,1991,24.18
LAO,1992,24.56
LAO,1993,24.94
LAO,1994,25.32
LAO,1995,25.7
LAO,1996,26.3
LAO,1997,26.9
LAO,1998,27.5
LAO,1999,28.099999999999998
LAO,2000,28.7
LAO,2001,29.68
LAO,2002,30.66
LAO,2003,31.64
LAO,2004,32.620000000000005
LAO,2005,33.6
LAO,2006,34.800000000000004
LAO,2007,36.0
LAO,2008,37.2
LAO,2009,38.4
LAO,2010,39.6
LAO,2011,40.660000000000004
LAO,2012,41.72
LAO,2013,42.78
LAO,2014,43.839999999999996
LAO,2015,44.9
LBN,1990,58.7
LBN,1991,59.64
LBN,1992,60.58
LBN,1993,61.52
LBN,1994,62.46
LBN,1995,63.4
LBN,1996,64.42
LBN,1997,65.44
LBN,1998,66.46
LBN,1999,67.48
LBN,2000,68.5
LBN,2001,69.42
LBN,2002,70.34
LBN,2003,71.25999999999999
LBN,2004,72.17999999999999
LBN,2005,73.1
LBN,2006,73.88
LBN,2007,74.66
LBN,2008,75.44
LBN,2009,76.22
LBN,2010,77.0
LBN,2011,77.6
LBN,2012,78.2
LBN,2013,78.8
LBN,2014,79.4
LBN,2015,80.0
LBR,1990,34.7
LBR,1991,35.18
LBR,1992,35.660000000000004
LBR,1993,36.14
LBR,1994,36.620000000000005
LBR,1995,37.1
LBR,1996,37.58
LBR,1997,38.06
LBR,1998,38.54
LBR,1999,39.02
LBR,2000,39.5
LBR,2001,39.94
LBR,2002,40.38
LBR,2003,40.82
LBR,2004,41.260000000000005
LBR,2005,41.7
LBR,2006,42.0
LBR,2007,42.300000000000004
LBR,2008,42.6
LBR,2009,42.900000000000006
LBR,2010,43.2
LBR,2011,43.64
LBR,2012,44.08
LBR,2013,44.52
LBR,2014,44.96
LBR,2015,45.4
LBY,1990,60.0
LBY,1991,60.74
LBY,1992,61.480000000000004
LBY,1993,62.22
LBY,1994,62.96
LBY,1995,63.7
LBY,1996,64.04
LBY,1997,64.38000000000001
LBY,1998,64.72
LBY,1999,65.06
LBY,2000,65.4
LBY,2001,65.74000000000001
LBY,2002,66.08
LBY,2003,66.42
LBY,2004,66.75999999999999
LBY,2005,67.1
LBY,2006,67.61999999999999
LBY,2007,68.14
LBY,2008,68.66
LBY,2009,69.18
LBY,2010,69.7
LBY,2011,69.74000000000001
LBY,2012,69.78
LBY,2013,69.82000000000001
LBY,2014,69.86
LBY,2015,69.9
LCA,1990,49.7
LCA,1991,50.36
LCA,1992,51.02
LCA,1993,51.68
LCA,1994,52.34
LCA,1995,53.0
LCA,1996,53.6
LCA,1997,54.2
LCA,1998,54.8
LCA,1999,55.4
LCA,2000,56.0
LCA,2001,56.5
LCA,2002,57.0
LCA,2003,57.5
LCA,2004,58.0
LCA,2005,58.5
LCA,2006,59.02
LCA,2007,59.54
LCA,2008,60.06
LCA,2009,60.58
LCA,2010,61.1
LCA,2011,61.38
LCA,2012,61.660000000000004
LCA,2013,61.94
LCA,2014,62.22
LCA,2015,62.5
LKA,1990,56.9
LKA,1991,57.42
LKA,1992,57.94
LKA,1993,58.46
LKA,1994,58.98
LKA,1995,59.5
LKA,1996,59.68
LKA,1997,59.86
LKA,1998,60.04
LKA,1999,60.22
LKA,2000,60.4
LKA,2001,61.08
LKA,2002,61.76
LKA,2003,62.44
LKA,2004,63.12
LKA,2005,63.8
LKA,2006,64.82
LKA,2007,65.84
LKA,2008,66.86
LKA,2009,67.88000000000001
LKA,2010,68.9
LKA,2011,69.68
LKA,2012,70.46000000000001
LKA,2013,71.24
LKA,2014,72.02
LKA,2015,72.8
LSO,1990,40.8
LSO,1991,41.0
LSO,1992,41.199999999999996
LSO,1993,41.4
LSO,1994,41.599999999999994
LSO,1995,41.8
LSO,1996,41.32
LSO,1997,40.839999999999996
LSO,1998,40.36
LSO,1999,39.879999999999995
LSO,2000,39.4
LSO,2001,38.16
LSO,2002,36.92
LSO,2003,35.68
LSO,2004,34.440000000000005
LSO,2005,33.2
LSO,2006,33.440000000000005
LSO,2007,33.68
LSO,2008,33.92
LSO,2009,34.16
LSO,2010,34.4
LSO,2011,34.66
LSO,2012,34.92
LSO,2013,35.18
LSO,2014,35.440000000000005
LSO,2015,35.7
LTU,1990,67.0
LTU,1991,66.44
LTU,1992,65.88
LTU,1993,65.32000000000001
LTU,1994,64.76
LTU,1995,64.2
LTU,1996,65.28
LTU,1997,66.36
LTU,1998,67.44
LTU,1999,68.52
LTU,2000,69.6
LTU,2001,69.72
LTU,2002,69.84
LTU,2003,69.96
LTU,2004,70.08
LTU,2005,70.2
LTU,2006,70.88
LTU,2007,71.56
LTU,2008,72.24
LTU,2009,72.92
LTU,2010,73.6
LTU,2011,74.19999999999999
LTU,2012,74.8
LTU,2013,75.39999999999999
LTU,2014,76.0
LTU,2015,76.6
LUX,1990,74.5
LUX,1991,75.36
LUX,1992,76.22
LUX,1993,77.08
LUX,1994,77.94
LUX,1995,78.8
LUX,1996,79.48
LUX,1997,80.16
LUX,1998,80.84
LUX,1999,81.52
LUX,2000,82.2
LUX,2001,82.74000000000001
LUX,2002,83.28
LUX,2003,83.82000000000001
LUX,2004,84.36
LUX,2005,84.9
LUX,2006,85.42
LUX,2007,85.94
LUX,2008,86.46000000000001
LUX,2009,86.98
LUX,2010,87.5
LUX,2011,87.86
LUX,2012,88.22
LUX,2013,88.58
LUX,2014,88.94
LUX,2015,89.3
LVA,1990,65.7
LVA,1991,65.04
LVA,1992,64.38
LVA,1993,63.72
LVA,1994,63.06
LVA,1995,62.4
LVA,1996,63.66
LVA,1997,64.92
LVA,1998,66.18
LVA,1999,67.44
LVA,2000,68.7
LVA,2001,69.10000000000001
LVA,2002,69.5
LVA,2003,69.9
LVA,2004,70.3
LVA,2005,70.7
LVA,2006,71.44
LVA,2007,72.18
LVA,2008,72.92
LVA,2009,73.66000000000001
LVA,2010,74.4
LVA,2011,75.06
LVA,2012,75.72
LVA,2013,76.38000000000001
LVA,2014,77.04
LVA,2015,77.7
MAR,1990,44.0
MAR,1991,44.76
MAR,1992,45.519999999999996
MAR,1993,46.28
MAR,1994,47.04
MAR,1995,47.8
MAR,1996,48.76
MAR,1997,49.72
MAR,1998,50.68
MAR,1999,51.64
MAR,2000,52.6
MAR,2001,53.2
MAR,2002,53.800000000000004
MAR,2003,54.4
MAR,2004,55.0
MAR,2005,55.6
MAR,2006,56.22
MAR,2007,56.84
MAR,2008,57.46
MAR,2009,58.080000000000005
MAR,2010,58.7
MAR,2011,59.22
MAR,2012,59.74
MAR,2013,60.26
MAR,2014,60.78
MAR,2015,61.3
MDA,1990,59.6
MDA,1991,58.88
MDA,1992,58.160000000000004
MDA,1993,57.44
MDA,1994,56.72
MDA,1995,56.0
MDA,1996,56.96
MDA,1997,57.92
MDA,1998,58.879999999999995
MDA,1999,59.839999999999996
MDA,2000,60.8
MDA,2001,61.599999999999994
MDA,2002,62.4
MDA,2003,63.199999999999996
MDA,2004,64.0
MDA,2005,64.8
MDA,2006,65.2
MDA,2007,65.6
MDA,2008,66.0
MDA,2009,66.39999999999999
MDA,2010,66.8
MDA,2011,68.06
MDA,2012,69.32
MDA,2013,70.58
MDA,2014,71.83999999999999
MDA,2015,73.1
MDG,1990,34.8
MDG,1991,35.14
MDG,1992,35.48
MDG,1993,35.82
MDG,1994,36.16
MDG,1995,36.5
MDG,1996,36.94
MDG,1997,37.38
MDG,1998,37.82
MDG,1999,38.260000000000005
MDG,2000,38.7
MDG,2001,39.28
MDG,2002,39.86
MDG,2003,40.440000000000005
MDG,2004,41.02
MDG,2005,41.6
MDG,2006,41.78
MDG,2007,41.96
MDG,2008,42.14
MDG,2009,42.32
MDG,2010,42.5
MDG,2011,42.74
MDG,2012,42.980000000000004
MDG,2013,43.22
MDG,2014,43.46
MDG,2015,43.7
MDV,1990,45.9
MDV,1991,47.04
MDV,1992,48.18
MDV,1993,49.32
MDV,1994,50.46
MDV,1995,51.6
MDV,1996,53.14
MDV,1997,54.68
MDV,1998,56.22
MDV,1999,57.76
MDV,2000,59.3
MDV,2001,60.86
MDV,2002,62.419999999999995
MDV,2003,63.98
MDV,2004,65.53999999999999
MDV,2005,67.1
MDV,2006,68.25999999999999
MDV,2007,69.42
MDV,2008,70.58
MDV,2009,71.74000000000001
MDV,2010,72.9
MDV,2011,73.42
MDV,2012,73.94
MDV,2013,74.46000000000001
MDV,2014,74.98
MDV,2015,75.5
MEX,1990,49.2
MEX,1991,50.18
MEX,1992,51.160000000000004
MEX,1993,52.14
MEX,1994,53.120000000000005
MEX,1995,54.1
MEX,1996,54.76
MEX,1997,55.42
MEX,1998,56.08
MEX,1999,56.74
MEX,2000,57.4
MEX,2001,57.74
MEX,2002,58.08
MEX,2003,58.42
MEX,2004,58.76
MEX,2005,59.1
MEX,2006,59.38
MEX,2007,59.660000000000004
MEX,2008,59.94
MEX,2009,60.22
MEX,2010,60.5
MEX,2011,60.92
MEX,2012,61.34
MEX,2013,61.76
MEX,2014,62.18
MEX,2015,62.6
MHL,1990,41.2
MHL,1991,41.6
MHL,1992,42.0
MHL,1993,42.400000000000006
MHL,1994,42.800000000000004
MHL,1995,43.2
MHL,1996,43.2
MHL,1997,43.2
MHL,1998,43.2
MHL,1999,43.2
MHL,2000,43.2
MHL,2001,43.42
MHL,2002,43.64
MHL,2003,43.86
MHL,2004,44.08
MHL,2005,44.3
MHL,2006,44.8
MHL,2007,45.3
MHL,2008,45.8
MHL,2009,46.3
MHL,2010,46.8
MHL,2011,47.4
MHL,2012,48.0
MHL,2013,48.599999999999994
MHL,2014,49.199999999999996
MHL,2015,49.8
MKD,1990,61.9
MKD,1991,62.199999999999996
MKD,1992,62.5
MKD,1993,62.8
MKD,1994,63.1
MKD,1995,63.4
MKD,1996,64.12
MKD,1997,64.84
MKD,1998,65.56
MKD,1999,66.28
MKD,2000,67.0
MKD,2001,67.58
MKD,2002,68.16
MKD,2003,68.74000000000001
MKD,2004,69.32000000000001
MKD,2005,69.9
MKD,2006,70.76
MKD,2007,71.62
MKD,2008,72.48
MKD,2009,73.34
MKD,2010,74.2
MKD,2011,74.56
MKD,2012,74.92
MKD,2013,75.28
MKD,2014,75.64
MKD,2015,76.0
MLI,1990,32.7
MLI,1991,32.92
MLI,1992,33.14
MLI,1993,33.36
MLI,1994,33.58
MLI,1995,33.8
MLI,1996,34.58
MLI,1997,35.36
MLI,1998,36.14
MLI,1999,36.92
MLI,2000,37.7
MLI,2001,38.86
MLI,2002,40.02
MLI,2003,41.18
MLI,2004,42.34
MLI,2005,43.5
MLI,2006,43.68
MLI,2007,43.86
MLI,2008,44.04
MLI,2009,44.22
MLI,2010,44.4
MLI,2011,44.64
MLI,2012,44.88
MLI,2013,45.12
MLI,2014,45.36
MLI,2015,45.6
MLT,1990,74.7
MLT,1991,75.12
MLT,1992,75.54
MLT,1993,75.96
MLT,1994,76.38
MLT,1995,76.8
MLT,1996,77.22
MLT,1997,77.64
MLT,1998,78.06
MLT,1999,78.48
MLT,2000,78.9
MLT,2001,79.4
MLT,2002,79.9
MLT,2003,80.4
MLT,2004,80.9
MLT,2005,81.4
MLT,2006,81.7
MLT,2007,82.0
MLT,2008,82.30000000000001
MLT,2009,82.60000000000001
MLT,2010,82.9
MLT,2011,83.34
MLT,2012,83.78
MLT,2013,84.22
MLT,2014,84.66
MLT,2015,85.1
MMR,1990,29.7
MMR,1991,30.08
MMR,1992,30.46
MMR,1993,30.84
MMR,1994,31.220000000000002
MMR,1995,31.6
MMR,1996,32.22
MMR,1997,32.84
MMR,1998,33.46
MMR,1999,34.080000000000005
MMR,2000,34.7
MMR,2001,35.660000000000004
MMR,2002,36.620000000000005
MMR,2003,37.58
MMR,2004,38.54
MMR,2005,39.5
MMR,2006,40.48
MMR,2007,41.46
MMR,2008,42.44
MMR,2009,43.42
MMR,2010,44.4
MMR,2011,45.199999999999996
MMR,2012,46.0
MMR,2013,46.8
MMR,2014,47.6
MMR,2015,48.4
MNE,1990,70.2
MNE,1991,70.2
MNE,1992,70.2
MNE,1993,70.2
MNE,1994,70.2
MNE,1995,70.2
MNE,1996,70.14
MNE,1997,70.08
MNE,1998,70.02000000000001
MNE,1999,69.96000000000001
MNE,2000,69.9
MNE,2001,70.80000000000001
MNE,2002,71.7
MNE,2003,72.60000000000001
MNE,2004,73.5
MNE,2005,74.4
MNE,2006,75.16000000000001
MNE,2007,75.92
MNE,2008,76.68
MNE,2009,77.44
MNE,2010,78.2
MNE,2011,78.7
MNE,2012,79.2
MNE,2013,79.7
MNE,2014,80.2
MNE,2015,80.7
MNG,1990,42.3
MNG,1991,42.26
MNG,1992,42.22
MNG,1993,42.18
MNG,1994,42.14
MNG,1995,42.1
MNG,1996,42.620000000000005
MNG,1997,43.14
MNG,1998,43.660000000000004
MNG,1999,44.18
MNG,2000,44.7
MNG,2001,45.940000000000005
MNG,2002,47.18
MNG,2003,48.42
MNG,2004,49.66
MNG,2005,50.9
MNG,2006,51.699999999999996
MNG,2007,52.5
MNG,2008,53.3
MNG,2009,54.1
MNG,2010,54.9
MNG,2011,55.62
MNG,2012,56.339999999999996
MNG,2013,57.06
MNG,2014,57.78
MNG,2015,58.5
MNP,1990,60.5
MNP,1991,61.5
MNP,1992,62.5
MNP,1993,63.5
MNP,1994,64.5
MNP,1995,65.5
MNP,1996,66.18
MNP,1997,66.86
MNP,1998,67.54
MNP,1999,68.22
MNP,2000,68.9
MNP,2001,69.4
MNP,2002,69.9
MNP,2003,70.4
MNP,2004,70.9
MNP,2005,71.4
MNP,2006,71.66000000000001
MNP,2007,71.92
MNP,2008,72.18
MNP,2009,72.44
MNP,2010,72.7
MNP,2011,72.52
MNP,2012,72.34
MNP,2013,72.16
MNP,2014,71.98
MNP,2015,71.8
MOZ,1990,33.2
MOZ,1991,33.580000000000005
MOZ,1992,33.96
MOZ,1993,34.34
MOZ,1994,34.72
MOZ,1995,35.1
MOZ,1996,35.36
MOZ,1997,35.62
MOZ,1998,35.88
MOZ,1999,36.14
MOZ,2000,36.4
MOZ,2001,37.04
MOZ,2002,37.68
MOZ,2003,38.32
MOZ,2004,38.96
MOZ,2005,39.6
MOZ,2006,39.86
MOZ,2007,40.12
MOZ,2008,40.38
MOZ,2009,40.64
MOZ,2010,40.9
MOZ,2011,41.32
MOZ,2012,41.74
MOZ,2013,42.16
MOZ,2014,42.58
MOZ,2015,43.0
MRT,1990,37.3
MRT,1991,37.62
MRT,1992,37.94
MRT,1993,38.26
MRT,1994,38.58
MRT,1995,38.9
MRT,1996,39.699999999999996
MRT,1997,40.5
MRT,1998,41.3
MRT,1999,42.1
MRT,2000,42.9
MRT,2001,43.699999999999996
MRT,2002,44.5
MRT,2003,45.3
MRT,2004,46.1
MRT,2005,46.9
MRT,2006,47.44
MRT,2007,47.98
MRT,2008,48.52
MRT,2009,49.06
MRT,2010,49.6
MRT,2011,50.08
MRT,2012,50.56
MRT,2013,51.04
MRT,2014,51.52
MRT,2015,52.0
MUS,1990,53.6
MUS,1991,54.34
MUS,1992,55.08
MUS,1993,55.82
MUS,1994,56.559999999999995
MUS,1995,57.3
MUS,1996,57.8
MUS,1997,58.3
MUS,1998,58.8
MUS,1999,59.3
MUS,2000,59.8
MUS,2001,60.199999999999996
MUS,2002,60.599999999999994
MUS,2003,61.0
MUS,2004,61.4
MUS,2005,61.8
MUS,2006,62.099999999999994
MUS,2007,62.4
MUS,2008,62.699999999999996
MUS,2009,63.0
MUS,2010,63.3
MUS,2011,63.78
MUS,2012,64.26
MUS,2013,64.74
MUS,2014,65.22
MUS,2015,65.7
MWI,1990,34.7
MWI,1991,34.84
MWI,1992,34.980000000000004
MWI,1993,35.12
MWI,1994,35.26
MWI,1995,35.4
MWI,1996,35.62
MWI,1997,35.839999999999996
MWI,1998,36.06
MWI,1999,36.28
MWI,2000,36.5
MWI,2001,37.32
MWI,2002,38.14
MWI,2003,38.96
MWI,2004,39.78
MWI,2005,40.6
MWI,2006,41.34
MWI,2007,42.08
MWI,2008,42.82
MWI,2009,43.559999999999995
MWI,2010,44.3
MWI,2011,44.839999999999996
MWI,2012,45.379999999999995
MWI,2013,45.92
MWI,2014,46.46
MWI,2015,47.0
MYS,1990,54.2
MYS,1991,54.800000000000004
MYS,1992,55.400000000000006
MYS,1993,56.0
MYS,1994,56.6
MYS,1995,57.2
MYS,1996,57.82
MYS,1997,58.44
MYS,1998,59.06
MYS,1999,59.68
MYS,2000,60.3
MYS,2001,60.879999999999995
MYS,2002,61.46
MYS,2003,62.04
MYS,2004,62.620000000000005
MYS,2005,63.2
MYS,2006,63.34
MYS,2007,63.480000000000004
MYS,2008,63.62
MYS,2009,63.76
MYS,2010,63.9
MYS,2011,64.44
MYS,2012,64.97999999999999
MYS,2013,65.52
MYS,2014,66.06
MYS,2015,66.6
NAM,1990,41.8
NAM,1991,41.82
NAM,1992,41.839999999999996
NAM,1993,41.86
NAM,1994,41.879999999999995
NAM,1995,41.9
NAM,1996,41.5
NAM,1997,41.1
NAM,1998,40.699999999999996
NAM,1999,40.3
NAM,2000,39.9
NAM,2001,40.62
NAM,2002,41.339999999999996
NAM,2003,42.06
NAM,2004,42.78
NAM,2005,43.5
NAM,2006,44.88
NAM,2007,46.26
NAM,2008,47.64
NAM,2009,49.019999999999996
NAM,2010,50.4
NAM,2011,51.06
NAM,2012,51.72
NAM,2013,52.38
NAM,2014,53.04
NAM,2015,53.7
NER,1990,31.8
NER,1991,32.06
NER,1992,32.32
NER,1993,32.58
NER,1994,32.84
NER,1995,33.1
NER,1996,33.4
NER,1997,33.7
NER,1998,34.0
NER,1999,34.300000000000004
NER,2000,34.6
NER,2001,35.22
NER,2002,35.84
NER,2003,36.46
NER,2004,37.080000000000005
NER,2005,37.7
NER,2006,38.22
NER,2007,38.74
NER,2008,39.26
NER,2009,39.78
NER,2010,40.3
NER,2011,40.44
NER,2012,40.58
NER,2013,40.72
NER,2014,40.86
NER,2015,41.0
NGA,1990,38.3
NGA,1991,38.58
NGA,1992,38.86
NGA,1993,39.14
NGA,1994,39.42
NGA,1995,39.7
NGA,1996,39.88
NGA,1997,40.06
NGA,1998,40.24
NGA,1999,40.42
NGA,2000,40.6
NGA,2001,41.1
NGA,2002,41.6
NGA,2003,42.1
NGA,2004,42.6
NGA,2005,43.1
NGA,2006,44.24
NGA,2007,45.38
NGA,2008,46.519999999999996
NGA,2009,47.66
NGA,2010,48.8
NGA,2011,49.3
NGA,2012,49.8
NGA,2013,50.3
NGA,2014,50.8
NGA,2015,51.3
NIC,1990,49.7
NIC,1991,50.1
NIC,1992,50.5
NIC,1993,50.900000000000006
NIC,1994,51.300000000000004
NIC,1995,51.7
NIC,1996,52.46
NIC,1997,53.22
NIC,1998,53.980000000000004
NIC,1999,54.74
NIC,2000,55.5
NIC,2001,56.16
NIC,2002,56.82
NIC,2003,57.48
NIC,2004,58.14
NIC,2005,58.8
NIC,2006,59.4
NIC,2007,60.0
NIC,2008,60.599999999999994
NIC,2009,61.199999999999996
NIC,2010,61.8
NIC,2011,62.3
NIC,2012,62.8
NIC,2013,63.3
NIC,2014,63.8
NIC,2015,64.3
NLD,1990,79.2
NLD,1991,79.52
NLD,1992,79.84
NLD,1993,80.16
NLD,1994,80.48
NLD,1995,80.8
NLD,1996,81.06
NLD,1997,81.32
NLD,1998,81.58
NLD,1999,81.83999999999999
NLD,2000,82.1
NLD,2001,82.69999999999999
NLD,2002,83.3
NLD,2003,83.89999999999999
NLD,2004,84.5
NLD,2005,85.1
NLD,2006,85.72
NLD,2007,86.34
NLD,2008,86.96
NLD,2009,87.58
NLD,2010,88.2
NLD,2011,88.46000000000001
NLD,2012,88.72
NLD,2013,88.98
NLD,2014,89.24
NLD,2015,89.5
NOR,1990,77.5
NOR,1991,78.2
NOR,1992,78.9
NOR,1993,79.6
NOR,1994,80.3
NOR,1995,81.0
NOR,1996,81.36
NOR,1997,81.72
NOR,1998,82.08
NOR,1999,82.44
NOR,2000,82.8
NOR,2001,83.42
NOR,2002,84.04
NOR,2003,84.66
NOR,2004,85.28
NOR,2005,85.9
NOR,2006,86.32000000000001
NOR,2007,86.74000000000001
NOR,2008,87.16
NOR,2009,87.58
NOR,2010,88.0
NOR,2011,88.5
NOR,2012,89.0
NOR,2013,89.5
NOR,2014,90.0
NOR,2015,90.5
NPL,1990,34.0
NPL,1991,34.62
NPL,1992,35.24
NPL,1993,35.86
NPL,1994,36.480000000000004
NPL,1995,37.1
NPL,1996,38.0
NPL,1997,38.9
NPL,1998,39.800000000000004
NPL,1999,40.7
NPL,2000,41.6
NPL,2001,42.42
NPL,2002,43.24
NPL,2003,44.06
NPL,2004,44.88
NPL,2005,45.7
NPL,2006,46.2
NPL,2007,46.7
NPL,2008,47.2
NPL,2009,47.7
NPL,2010,48.2
NPL,2011,48.72
NPL,2012,49.24
NPL,2013,49.76
NPL,2014,50.28
NPL,2015,50.8
NZL,1990,74.2
NZL,1991,74.88
NZL,1992,75.56
NZL,1993,76.24
NZL,1994,76.92
NZL,1995,77.6
NZL,1996,78.08
NZL,1997,78.56
NZL,1998,79.03999999999999
NZL,1999,79.52
NZL,2000,80.0
NZL,2001,80.5
NZL,2002,81.0
NZL,2003,81.5
NZL,2004,82.0
NZL,2005,82.5
NZL,2006,82.84
NZL,2007,83.18
NZL,2008,83.52
NZL,2009,83.86
NZL,2010,84.2
NZL,2011,84.60000000000001
NZL,2012,85.0
NZL,2013,85.4
NZL,2014,85.8
NZL,2015,86.2
OMN,1990,66.1
OMN,1991,67.16
OMN,1992,68.22
OMN,1993,69.28
OMN,1994,70.34
OMN,1995,71.4
OMN,1996,72.0
OMN,1997,72.60000000000001
OMN,1998,73.2
OMN,1999,73.80000000000001
OMN,2000,74.4
OMN,2001,74.76
OMN,2002,75.12
OMN,2003,75.48
OMN,2004,75.84
OMN,2005,76.2
OMN,2006,75.54
OMN,2007,74.88000000000001
OMN,2008,74.22
OMN,2009,73.56
OMN,2010,72.9
OMN,2011,73.74000000000001
OMN,2012,74.58
OMN,2013,75.42
OMN,2014,76.25999999999999
OMN,2015,77.1
OWID_WRL,1990,40.7
OWID_WRL,1991,41.1
OWID_WRL,1992,41.5
OWID_WRL,1993,41.900000000000006
OWID_WRL,1994,42.300000000000004
OWID_WRL,1995,42.7
OWID_WRL,1996,43.120000000000005
OWID_WRL,1997,43.54
OWID_WRL,1998,43.96
OWID_WRL,1999,44.379999999999995
OWID_WRL,2000,44.8
OWID_WRL,2001,45.4
OWID_WRL,2002,46.0
OWID_WRL,2003,46.599999999999994
OWID_WRL,2004,47.199999999999996
OWID_WRL,2005,47.8
OWID_WRL,2006,48.44
OWID_WRL,2007,49.08
OWID_WRL,2008,49.72
OWID_WRL,2009,50.36
OWID_WRL,2010,51.0
OWID_WRL,2011,51.54
OWID_WRL,2012,52.08
OWID_WRL,2013,52.620000000000005
OWID_WRL,2014,53.160000000000004
OWID_WRL,2015,53.7
PAK,1990,36.5
PAK,1991,36.32
PAK,1992,36.14
PAK,1993,35.96
PAK,1994,35.78
PAK,1995,35.6
PAK,1996,35.74
PAK,1997,35.88
PAK,1998,36.019999999999996
PAK,1999,36.16
PAK,2000,36.3
PAK,2001,36.66
PAK,2002,37.019999999999996
PAK,2003,37.38
PAK,2004,37.74
PAK,2005,38.1
PAK,2006,38.72
PAK,2007,39.34
PAK,2008,39.96
PAK,2009,40.580000000000005
PAK,2010,41.2
PAK,2011,41.580000000000005
PAK,2012,41.96
PAK,2013,42.34
PAK,2014,42.72
PAK,2015,43.1
PAN,1990,52.9
PAN,1991,53.66
PAN,1992,54.42
PAN,1993,55.18
PAN,1994,55.940000000000005
PAN,1995,56.7
PAN,1996,57.32
PAN,1997,57.94
PAN,1998,58.56
PAN,1999,59.18
PAN,2000,59.8
PAN,2001,60.099999999999994
PAN,2002,60.4
PAN,2003,60.699999999999996
PAN,2004,61.0
PAN,2005,61.3
PAN,2006,61.48
PAN,2007,61.66
PAN,2008,61.84
PAN,2009,62.02
PAN,2010,62.2
PAN,2011,62.64
PAN,2012,63.080000000000005
PAN,2013,63.52
PAN,2014,63.96000000000001
PAN,2015,64.4
PER,1990,45.9
PER,1991,46.68
PER,1992,47.46
PER,1993,48.239999999999995
PER,1994,49.019999999999996
PER,1995,49.8
PER,1996,51.26
PER,1997,52.72
PER,1998,54.18
PER,1999,55.64
PER,2000,57.1
PER,2001,58.22
PER,2002,59.34
PER,2003,60.46
PER,2004,61.580000000000005
PER,2005,62.7
PER,2006,63.34
PER,2007,63.980000000000004
PER,2008,64.62
PER,2009,65.26
PER,2010,65.9
PER,2011,66.64
PER,2012,67.38
PER,2013,68.12
PER,2014,68.86
PER,2015,69.6
PHL,1990,45.0
PHL,1991,45.22
PHL,1992,45.44
PHL,1993,45.660000000000004
PHL,1994,45.88
PHL,1995,46.1
PHL,1996,46.38
PHL,1997,46.660000000000004
PHL,1998,46.94
PHL,1999,47.22
PHL,2000,47.5
PHL,2001,47.52
PHL,2002,47.54
PHL,2003,47.56
PHL,2004,47.58
PHL,2005,47.6
PHL,2006,48.0
PHL,2007,48.4
PHL,2008,48.800000000000004
PHL,2009,49.2
PHL,2010,49.6
PHL,2011,50.08
PHL,2012,50.56
PHL,2013,51.04
PHL,2014,51.52
PHL,2015,52.0
PNG,1990,32.0
PNG,1991,32.2
PNG,1992,32.4
PNG,1993,32.6
PNG,1994,32.8
PNG,1995,33.0
PNG,1996,33.08
PNG,1997,33.16
PNG,1998,33.24
PNG,1999,33.32
PNG,2000,33.4
PNG,2001,33.519999999999996
PNG,2002,33.64
PNG,2003,33.76
PNG,2004,33.88
PNG,2005,34.0
PNG,2006,34.36
PNG,2007,34.72
PNG,2008,35.08
PNG,2009,35.44
PNG,2010,35.8
PNG,2011,36.36
PNG,2012,36.92
PNG,2013,37.48
PNG,2014,38.04
PNG,2015,38.6
POL,1990,62.1
POL,1991,62.760000000000005
POL,1992,63.42
POL,1993,64.08
POL,1994,64.74000000000001
POL,1995,65.4
POL,1996,66.48
POL,1997,67.56
POL,1998,68.64
POL,1999,69.72
POL,2000,70.8
POL,2001,71.39999999999999
POL,2002,72.0
POL,2003,72.6
POL,2004,73.2
POL,2005,73.8
POL,2006,74.3
POL,2007,74.8
POL,2008,75.3
POL,2009,75.8
POL,2010,76.3
POL,2011,76.96
POL,2012,77.61999999999999
POL,2013,78.28
POL,2014,78.94
POL,2015,79.6
PRI,1990,64.5
PRI,1991,64.82
PRI,1992,65.14
PRI,1993,65.46
PRI,1994,65.78
PRI,1995,66.1
PRI,1996,66.83999999999999
PRI,1997,67.58
PRI,1998,68.32
PRI,1999,69.06
PRI,2000,69.8
PRI,2001,70.36
PRI,2002,70.92
PRI,2003,71.47999999999999
PRI,2004,72.03999999999999
PRI,2005,72.6
PRI,2006,72.88
PRI,2007,73.16
PRI,2008,73.44
PRI,2009,73.72
PRI,2010,74.0
PRI,2011,74.52
PRI,2012,75.03999999999999
PRI,2013,75.56
PRI,2014,76.08
PRI,2015,76.6
PRK,1990,53.1
PRK,1991,53.64
PRK,1992,54.18
PRK,1993,54.72
PRK,1994,55.26
PRK,1995,55.8
PRK,1996,55.839999999999996
PRK,1997,55.879999999999995
PRK,1998,55.92
PRK,1999,55.96
PRK,2000,56.0
PRK,2001,56.3
PRK,2002,56.6
PRK,2003,56.9
PRK,2004,57.2
PRK,2005,57.5
PRK,2006,58.08
PRK,2007,58.66
PRK,2008,59.24
PRK,2009,59.82
PRK,2010,60.4
PRK,2011,60.78
PRK,2012,61.16
PRK,2013,61.54
PRK,2014,61.919999999999995
PRK,2015,62.3
PRT,1990,67.2
PRT,1991,68.06
PRT,1992,68.92
PRT,1993,69.78
PRT,1994,70.64
PRT,1995,71.5
PRT,1996,72.14
PRT,1997,72.78
PRT,1998,73.42
PRT,1999,74.06
PRT,2000,74.7
PRT,2001,75.7
PRT,2002,76.7
PRT,2003,77.7
PRT,2004,78.7
PRT,2005,79.7
PRT,2006,80.14
PRT,2007,80.58
PRT,2008,81.02000000000001
PRT,2009,81.46000000000001
PRT,2010,81.9
PRT,2011,82.42
PRT,2012,82.94
PRT,2013,83.46000000000001
PRT,2014,83.98
PRT,2015,84.5
PRY,1990,53.0
PRY,1991,53.42
PRY,1992,53.84
PRY,1993,54.26
PRY,1994,54.68
PRY,1995,55.1
PRY,1996,55.4
PRY,1997,55.7
PRY,1998,56.0
PRY,1999,56.300000000000004
PRY,2000,56.6
PRY,2001,56.76
PRY,2002,56.92
PRY,2003,57.08
PRY,2004,57.24
PRY,2005,57.4
PRY,2006,57.64
PRY,2007,57.88
PRY,2008,58.12
PRY,2009,58.36
PRY,2010,58.6
PRY,2011,58.96
PRY,2012,59.32
PRY,2013,59.68
PRY,2014,60.04
PRY,2015,60.4
PSE,1990,61.8
PSE,1991,62.559999999999995
PSE,1992,63.31999999999999
PSE,1993,64.08
PSE,1994,64.83999999999999
PSE,1995,65.6
PSE,1996,66.14
PSE,1997,66.67999999999999
PSE,1998,67.22
PSE,1999,67.75999999999999
PSE,2000,68.3
PSE,2001,68.38
PSE,2002,68.46
PSE,2003,68.54
PSE,2004,68.62
PSE,2005,68.7
PSE,2006,68.76
PSE,2007,68.82000000000001
PSE,2008,68.88
PSE,2009,68.94
PSE,2010,69.0
PSE,2011,69.3
PSE,2012,69.6
PSE,2013,69.9
PSE,2014,70.2
PSE,2015,70.5
QAT,1990,70.8
QAT,1991,70.89999999999999
QAT,1992,71.0
QAT,1993,71.1
QAT,1994,71.2
QAT,1995,71.3
QAT,1996,71.66
QAT,1997,72.02
QAT,1998,72.38
QAT,1999,72.74
QAT,2000,73.1
QAT,2001,73.97999999999999
QAT,2002,74.86
QAT,2003,75.74
QAT,2004,76.62
QAT,2005,77.5
QAT,2006,78.62
QAT,2007,79.74
QAT,2008,80.86
QAT,2009,81.97999999999999
QAT,2010,83.1
QAT,2011,83.52
QAT,2012,83.94
QAT,2013,84.36
QAT,2014,84.78
QAT,2015,85.2
ROU,1990,58.3
ROU,1991,58.64
ROU,1992,58.98
ROU,1993,59.32
ROU,1994,59.66
ROU,1995,60.0
ROU,1996,60.84
ROU,1997,61.68
ROU,1998,62.52
ROU,1999,63.36
ROU,2000,64.2
ROU,2001,64.8
ROU,2002,65.4
ROU,2003,66.0
ROU,2004,66.60000000000001
ROU,2005,67.2
ROU,2006,67.98
ROU,2007,68.76
ROU,2008,69.53999999999999
ROU,2009,70.32
ROU,2010,71.1
ROU,2011,71.75999999999999
ROU,2012,72.42
ROU,2013,73.08
ROU,2014,73.74000000000001
ROU,2015,74.4
RUS,1990,61.4
RUS,1991,60.64
RUS,1992,59.88
RUS,1993,59.12
RUS,1994,58.36
RUS,1995,57.6
RUS,1996,58.02
RUS,1997,58.440000000000005
RUS,1998,58.86
RUS,1999,59.28
RUS,2000,59.7
RUS,2001,60.34
RUS,2002,60.980000000000004
RUS,2003,61.62
RUS,2004,62.26
RUS,2005,62.9
RUS,2006,64.02
RUS,2007,65.14
RUS,2008,66.26
RUS,2009,67.38
RUS,2010,68.5
RUS,2011,69.14
RUS,2012,69.78
RUS,2013,70.42
RUS,2014,71.06
RUS,2015,71.7
RWA,1990,29.9
RWA,1991,28.58
RWA,1992,27.259999999999998
RWA,1993,25.94
RWA,1994,24.62
RWA,1995,23.3
RWA,1996,24.72
RWA,1997,26.14
RWA,1998,27.56
RWA,1999,28.979999999999997
RWA,2000,30.4
RWA,2001,32.839999999999996
RWA,2002,35.28
RWA,2003,37.72
RWA,2004,40.16
RWA,2005,42.6
RWA,2006,43.480000000000004
RWA,2007,44.36
RWA,2008,45.24
RWA,2009,46.12
RWA,2010,47.0
RWA,2011,47.16
RWA,2012,47.32
RWA,2013,47.48
RWA,2014,47.64
RWA,2015,47.8
SAU,1990,63.4
SAU,1991,64.08
SAU,1992,64.75999999999999
SAU,1993,65.44
SAU,1994,66.12
SAU,1995,66.8
SAU,1996,67.67999999999999
SAU,1997,68.56
SAU,1998,69.44
SAU,1999,70.32000000000001
SAU,2000,71.2
SAU,2001,71.8
SAU,2002,72.4
SAU,2003,73.0
SAU,2004,73.60000000000001
SAU,2005,74.2
SAU,2006,74.76
SAU,2007,75.32000000000001
SAU,2008,75.88
SAU,2009,76.44
SAU,2010,77.0
SAU,2011,77.48
SAU,2012,77.96000000000001
SAU,2013,78.44
SAU,2014,78.92
SAU,2015,79.4
SDN,1990,36.6
SDN,1991,37.04
SDN,1992,37.48
SDN,1993,37.92
SDN,1994,38.36
SDN,1995,38.8
SDN,1996,39.44
SDN,1997,40.08
SDN,1998,40.72
SDN,1999,41.36
SDN,2000,42.0
SDN,2001,42.58
SDN,2002,43.16
SDN,2003,43.74
SDN,2004,44.32
SDN,2005,44.9
SDN,2006,45.4
SDN,2007,45.9
SDN,2008,46.4
SDN,2009,46.9
SDN,2010,47.4
SDN,2011,47.94
SDN,2012,48.48
SDN,2013,49.02
SDN,2014,49.56
SDN,2015,50.1
SEN,1990,37.6
SEN,1991,37.7
SEN,1992,37.800000000000004
SEN,1993,37.9
SEN,1994,38.0
SEN,1995,38.1
SEN,1996,38.26
SEN,1997,38.42
SEN,1998,38.58
SEN,1999,38.74
SEN,2000,38.9
SEN,2001,39.42
SEN,2002,39.94
SEN,2003,40.46
SEN,2004,40.98
SEN,2005,41.5
SEN,2006,41.78
SEN,2007,42.06
SEN,2008,42.339999999999996
SEN,2009,42.62
SEN,2010,42.9
SEN,2011,43.199999999999996
SEN,2012,43.5
SEN,2013,43.8
SEN,2014,44.1
SEN,2015,44.4
SGP,1990,67.4
SGP,1991,68.48
SGP,1992,69.56
SGP,1993,70.64
SGP,1994,71.72
SGP,1995,72.8
SGP,1996,73.7
SGP,1997,74.6
SGP,1998,75.5
SGP,1999,76.39999999999999
SGP,2000,77.3
SGP,2001,78.0
SGP,2002,78.7
SGP,2003,79.39999999999999
SGP,2004,80.1
SGP,2005,80.8
SGP,2006,81.48
SGP,2007,82.16
SGP,2008,82.84
SGP,2009,83.52
SGP,2010,84.2
SGP,2011,84.62
SGP,2012,85.04
SGP,2013,85.46
SGP,2014,85.88
SGP,2015,86.3
SLB,1990,33.4
SLB,1991,33.86
SLB,1992,34.32
SLB,1993,34.78
SLB,1994,35.24
SLB,1995,35.7
SLB,1996,36.22
SLB,1997,36.74
SLB,1998,37.26
SLB,1999,37.78
SLB,2000,38.3
SLB,2001,38.239999999999995
SLB,2002,38.18
SLB,2003,38.12
SLB,2004,38.06
SLB,2005,38.0
SLB,2006,38.42
SLB,2007,38.84
SLB,2008,39.26
SLB,2009,39.68
SLB,2010,40.1
SLB,2011,40.7
SLB,2012,41.300000000000004
SLB,2013,41.9
SLB,2014,42.5
SLB,2015,43.1
SLE,1990,37.6
SLE,1991,37.52
SLE,1992,37.440000000000005
SLE,1993,37.36
SLE,1994,37.28
SLE,1995,37.2
SLE,1996,36.84
SLE,1997,36.480000000000004
SLE,1998,36.12
SLE,1999,35.76
SLE,2000,35.4
SLE,2001,35.54
SLE,2002,35.68
SLE,2003,35.82
SLE,2004,35.96
SLE,2005,36.1
SLE,2006,36.52
SLE,2007,36.940000000000005
SLE,2008,37.36
SLE,2009,37.78
SLE,2010,38.2
SLE,2011,38.82
SLE,2012,39.44
SLE,2013,40.06
SLE,2014,40.68
SLE,2015,41.3
SLV,1990,44.3
SLV,1991,45.239999999999995
SLV,1992,46.18
SLV,1993,47.12
SLV,1994,48.06
SLV,1995,49.0
SLV,1996,50.26
SLV,1997,51.519999999999996
SLV,1998,52.78
SLV,1999,54.04
SLV,2000,55.3
SLV,2001,56.16
SLV,2002,57.019999999999996
SLV,2003,57.88
SLV,2004,58.74
SLV,2005,59.6
SLV,2006,60.120000000000005
SLV,2007,60.64
SLV,2008,61.160000000000004
SLV,2009,61.68
SLV,2010,62.2
SLV,2011,62.64
SLV,2012,63.080000000000005
SLV,2013,63.52
SLV,2014,63.96000000000001
SLV,2015,64.4
SOM,1990,29.1
SOM,1991,29.14
SOM,1992,29.18
SOM,1993,29.220000000000002
SOM,1994,29.26
SOM,1995,29.3
SOM,1996,29.46
SOM,1997,29.62
SOM,1998,29.78
SOM,1999,29.94
SOM,2000,30.1
SOM,2001,30.44
SOM,2002,30.78
SOM,2003,31.12
SOM,2004,31.46
SOM,2005,31.8
SOM,2006,32.1
SOM,2007,32.4
SOM,2008,32.699999999999996
SOM,2009,33.0
SOM,2010,33.3
SOM,2011,33.48
SOM,2012,33.66
SOM,2013,33.84
SOM,2014,34.02
SOM,2015,34.2
SRB,1990,64.2
SRB,1991,64.24000000000001
SRB,1992,64.28
SRB,1993,64.32000000000001
SRB,1994,64.36
SRB,1995,64.4
SRB,1996,64.84
SRB,1997,65.28
SRB,1998,65.72
SRB,1999,66.16
SRB,2000,66.6
SRB,2001,67.16
SRB,2002,67.72
SRB,2003,68.28
SRB,2004,68.84
SRB,2005,69.4
SRB,2006,70.14
SRB,2007,70.88
SRB,2008,71.62
SRB,2009,72.36
SRB,2010,73.1
SRB,2011,73.56
SRB,2012,74.02
SRB,2013,74.48
SRB,2014,74.94
SRB,2015,75.4
SSD,1990,33.4
SSD,1991,33.66
SSD,1992,33.92
SSD,1993,34.18
SSD,1994,34.440000000000005
SSD,1995,34.7
SSD,1996,35.260000000000005
SSD,1997,35.82
SSD,1998,36.38
SSD,1999,36.94
SSD,2000,37.5
SSD,2001,37.8
SSD,2002,38.1
SSD,2003,38.4
SSD,2004,38.7
SSD,2005,39.0
SSD,2006,38.96
SSD,2007,38.92
SSD,2008,38.879999999999995
SSD,2009,38.839999999999996
SSD,2010,38.8
SSD,2011,38.8
SSD,2012,38.8
SSD,2013,38.8
SSD,2014,38.8
SSD,2015,38.8
STP,1990,41.3
STP,1991,41.419999999999995
STP,1992,41.54
STP,1993,41.66
STP,1994,41.78
STP,1995,41.9
STP,1996,42.08
STP,1997,42.26
STP,1998,42.44
STP,1999,42.62
STP,2000,42.8
STP,2001,43.04
STP,2002,43.28
STP,2003,43.519999999999996
STP,2004,43.76
STP,2005,44.0
STP,2006,44.66
STP,2007,45.32
STP,2008,45.98
STP,2009,46.64
STP,2010,47.3
STP,2011,47.76
STP,2012,48.22
STP,2013,48.68
STP,2014,49.14
STP,2015,49.6
SUR,1990,46.7
SUR,1991,47.080000000000005
SUR,1992,47.46
SUR,1993,47.84
SUR,1994,48.22
SUR,1995,48.6
SUR,1996,48.78
SUR,1997,48.96
SUR,1998,49.14
SUR,1999,49.32
SUR,2000,49.5
SUR,2001,49.8
SUR,2002,50.1
SUR,2003,50.4
SUR,2004,50.7
SUR,2005,51.0
SUR,2006,51.5
SUR,2007,52.0
SUR,2008,52.5
SUR,2009,53.0
SUR,2010,53.5
SUR,2011,54.14
SUR,2012,54.78
SUR,2013,55.42
SUR,2014,56.06
SUR,2015,56.7
SVK,1990,66.6
SVK,1991,67.16
SVK,1992,67.72
SVK,1993,68.28
SVK,1994,68.84
SVK,1995,69.4
SVK,1996,69.68
SVK,1997,69.96000000000001
SVK,1998,70.24
SVK,1999,70.52
SVK,2000,70.8
SVK,2001,71.08
SVK,2002,71.36
SVK,2003,71.64
SVK,2004,71.92
SVK,2005,72.2
SVK,2006,72.74000000000001
SVK,2007,73.28
SVK,2008,73.82000000000001
SVK,2009,74.36
SVK,2010,74.9
SVK,2011,75.64
SVK,2012,76.38
SVK,2013,77.12
SVK,2014,77.86
SVK,2015,78.6
SVN,1990,71.2
SVN,1991,71.52
SVN,1992,71.84
SVN,1993,72.16
SVN,1994,72.48
SVN,1995,72.8
SVN,1996,73.52
SVN,1997,74.24
SVN,1998,74.96000000000001
SVN,1999,75.68
SVN,2000,76.4
SVN,2001,77.08
SVN,2002,77.76
SVN,2003,78.44
SVN,2004,79.12
SVN,2005,79.8
SVN,2006,80.7
SVN,2007,81.6
SVN,2008,82.5
SVN,2009,83.39999999999999
SVN,2010,84.3
SVN,2011,84.92
SVN,2012,85.54
SVN,2013,86.16
SVN,2014,86.78
SVN,2015,87.4
SWE,1990,80.4
SWE,1991,81.10000000000001
SWE,1992,81.80000000000001
SWE,1993,82.5
SWE,1994,83.2
SWE,1995,83.9
SWE,1996,84.26
SWE,1997,84.62
SWE,1998,84.98
SWE,1999,85.34
SWE,2000,85.7
SWE,2001,85.96000000000001
SWE,2002,86.22
SWE,2003,86.48
SWE,2004,86.74
SWE,2005,87.0
SWE,2006,87.34
SWE,2007,87.68
SWE,2008,88.02
SWE,2009,88.36
SWE,2010,88.7
SWE,2011,89.06
SWE,2012,89.42
SWE,2013,89.78
SWE,2014,90.14
SWE,2015,90.5
SWZ,1990,41.5
SWZ,1991,42.34
SWZ,1992,43.18
SWZ,1993,44.02
SWZ,1994,44.86
SWZ,1995,45.7
SWZ,1996,44.7
SWZ,1997,43.7
SWZ,1998,42.7
SWZ,1999,41.7
SWZ,2000,40.7
SWZ,2001,39.580000000000005
SWZ,2002,38.46
SWZ,2003,37.34
SWZ,2004,36.22
SWZ,2005,35.1
SWZ,2006,35.64
SWZ,2007,36.18
SWZ,2008,36.72
SWZ,2009,37.26
SWZ,2010,37.8
SWZ,2011,38.62
SWZ,2012,39.44
SWZ,2013,40.26
SWZ,2014,41.08
SWZ,2015,41.9
SYC,1990,50.7
SYC,1991,51.580000000000005
SYC,1992,52.46
SYC,1993,53.34
SYC,1994,54.22
SYC,1995,55.1
SYC,1996,55.78
SYC,1997,56.46
SYC,1998,57.14
SYC,1999,57.82
SYC,2000,58.5
SYC,2001,59.02
SYC,2002,59.54
SYC,2003,60.06
SYC,2004,60.58
SYC,2005,61.1
SYC,2006,61.660000000000004
SYC,2007,62.22
SYC,2008,62.78
SYC,2009,63.339999999999996
SYC,2010,63.9
SYC,2011,64.34
SYC,2012,64.78
SYC,2013,65.22
SYC,2014,65.66
SYC,2015,66.1
SYR,1990,58.2
SYR,1991,59.18
SYR,1992,60.160000000000004
SYR,1993,61.14
SYR,1994,62.120000000000005
SYR,1995,63.1
SYR,1996,64.12
SYR,1997,65.14
SYR,1998,66.16
SYR,1999,67.18
SYR,2000,68.2
SYR,2001,68.84
SYR,2002,69.48
SYR,2003,70.12
SYR,2004,70.76
SYR,2005,71.4
SYR,2006,71.88000000000001
SYR,2007,72.36
SYR,2008,72.84
SYR,2009,73.32
SYR,2010,73.8
SYR,2011,73.96
SYR,2012,74.11999999999999
SYR,2013,74.28
SYR,2014,74.44
SYR,2015,74.6
TCD,1990,35.6
TCD,1991,35.52
TCD,1992,35.440000000000005
TCD,1993,35.36
TCD,1994,35.28
TCD,1995,35.2
TCD,1996,34.580000000000005
TCD,1997,33.96
TCD,1998,33.34
TCD,1999,32.72
TCD,2000,32.1
TCD,2001,32.5
TCD,2002,32.9
TCD,2003,33.300000000000004
TCD,2004,33.7
TCD,2005,34.1
TCD,2006,34.54
TCD,2007,34.98
TCD,2008,35.42
TCD,2009,35.86
TCD,2010,36.3
TCD,2011,36.58
TCD,2012,36.86
TCD,2013,37.14
TCD,2014,37.42
TCD,2015,37.7
TGO,1990,37.4
TGO,1991,37.3
TGO,1992,37.199999999999996
TGO,1993,37.1
TGO,1994,37.0
TGO,1995,36.9
TGO,1996,36.9
TGO,1997,36.9
TGO,1998,36.9
TGO,1999,36.9
TGO,2000,36.9
TGO,2001,37.54
TGO,2002,38.18
TGO,2003,38.82
TGO,2004,39.46
TGO,2005,40.1
TGO,2006,40.44
TGO,2007,40.78
TGO,2008,41.12
TGO,2009,41.46
TGO,2010,41.8
TGO,2011,42.3
TGO,2012,42.8
TGO,2013,43.3
TGO,2014,43.8
TGO,2015,44.3
THA,1990,52.4
THA,1991,53.1
THA,1992,53.8
THA,1993,54.5
THA,1994,55.199999999999996
THA,1995,55.9
THA,1996,56.58
THA,1997,57.26
THA,1998,57.94
THA,1999,58.62
THA,2000,59.3
THA,2001,60.4
THA,2002,61.5
THA,2003,62.599999999999994
THA,2004,63.699999999999996
THA,2005,64.8
THA,2006,65.52
THA,2007,66.24
THA,2008,66.96000000000001
THA,2009,67.68
THA,2010,68.4
THA,2011,68.88000000000001
THA,2012,69.36
THA,2013,69.84
THA,2014,70.32
THA,2015,70.8
TJK,1990,48.7
TJK,1991,48.580000000000005
TJK,1992,48.46
TJK,1993,48.34
TJK,1994,48.22
TJK,1995,48.1
TJK,1996,48.2
TJK,1997,48.300000000000004
TJK,1998,48.4
TJK,1999,48.5
TJK,2000,48.6
TJK,2001,49.22
TJK,2002,49.84
TJK,2003,50.46
TJK,2004,51.080000000000005
TJK,2005,51.7
TJK,2006,52.440000000000005
TJK,2007,53.18
TJK,2008,53.92
TJK,2009,54.66
TJK,2010,55.4
TJK,2011,56.04
TJK,2012,56.68
TJK,2013,57.32
TJK,2014,57.96
TJK,2015,58.6
TKM,1990,47.1
TKM,1991,47.22
TKM,1992,47.34
TKM,1993,47.46
TKM,1994,47.580000000000005
TKM,1995,47.7
TKM,1996,47.92
TKM,1997,48.14
TKM,1998,48.36
TKM,1999,48.58
TKM,2000,48.8
TKM,2001,49.26
TKM,2002,49.72
TKM,2003,50.18
TKM,2004,50.64
TKM,2005,51.1
TKM,2006,51.78
TKM,2007,52.46
TKM,2008,53.14
TKM,2009,53.82
TKM,2010,54.5
TKM,2011,55.22
TKM,2012,55.94
TKM,2013,56.660000000000004
TKM,2014,57.38
TKM,2015,58.1
TLS,1990,32.2
TLS,1991,32.84
TLS,1992,33.480000000000004
TLS,1993,34.12
TLS,1994,34.76
TLS,1995,35.4
TLS,1996,35.96
TLS,1997,36.52
TLS,1998,37.08
TLS,1999,37.64
TLS,2000,38.2
TLS,2001,39.080000000000005
TLS,2002,39.96
TLS,2003,40.84
TLS,2004,41.72
TLS,2005,42.6
TLS,2006,43.76
TLS,2007,44.92
TLS,2008,46.08
TLS,2009,47.24
TLS,2010,48.4
TLS,2011,49.04
TLS,2012,49.68
TLS,2013,50.32
TLS,2014,50.96
TLS,2015,51.6
TON,1990,55.0
TON,1991,55.26
TON,1992,55.519999999999996
TON,1993,55.78
TON,1994,56.04
TON,1995,56.3
TON,1996,56.5
TON,1997,56.699999999999996
TON,1998,56.9
TON,1999,57.099999999999994
TON,2000,57.3
TON,2001,57.519999999999996
TON,2002,57.739999999999995
TON,2003,57.96
TON,2004,58.18
TON,2005,58.4
TON,2006,58.74
TON,2007,59.08
TON,2008,59.42
TON,2009,59.76
TON,2010,60.1
TON,2011,60.5
TON,2012,60.9
TON,2013,61.300000000000004
TON,2014,61.7
TON,2015,62.1
TTO,1990,51.6
TTO,1991,51.980000000000004
TTO,1992,52.36
TTO,1993,52.74
TTO,1994,53.12
TTO,1995,53.5
TTO,1996,53.96
TTO,1997,54.42
TTO,1998,54.879999999999995
TTO,1999,55.339999999999996
TTO,2000,55.8
TTO,2001,56.36
TTO,2002,56.92
TTO,2003,57.48
TTO,2004,58.04
TTO,2005,58.6
TTO,2006,58.980000000000004
TTO,2007,59.36
TTO,2008,59.74
TTO,2009,60.12
TTO,2010,60.5
TTO,2011,60.82
TTO,2012,61.14
TTO,2013,61.46
TTO,2014,61.78
TTO,2015,62.1
TUN,1990,53.0
TUN,1991,53.78
TUN,1992,54.56
TUN,1993,55.339999999999996
TUN,1994,56.12
TUN,1995,56.9
TUN,1996,57.8
TUN,1997,58.699999999999996
TUN,1998,59.6
TUN,1999,60.5
TUN,2000,61.4
TUN,2001,62.019999999999996
TUN,2002,62.64
TUN,2003,63.26
TUN,2004,63.88
TUN,2005,64.5
TUN,2006,65.08
TUN,2007,65.66
TUN,2008,66.24000000000001
TUN,2009,66.82000000000001
TUN,2010,67.4
TUN,2011,67.94
TUN,2012,68.48
TUN,2013,69.02
TUN,2014,69.56
TUN,2015,70.1
TUR,1990,51.3
TUR,1991,52.12
TUR,1992,52.94
TUR,1993,53.76
TUR,1994,54.58
TUR,1995,55.4
TUR,1996,56.8
TUR,1997,58.199999999999996
TUR,1998,59.6
TUR,1999,61.0
TUR,2000,62.4
TUR,2001,63.64
TUR,2002,64.88
TUR,2003,66.11999999999999
TUR,2004,67.36
TUR,2005,68.6
TUR,2006,69.74
TUR,2007,70.88
TUR,2008,72.02
TUR,2009,73.16
TUR,2010,74.3
TUR,2011,74.67999999999999
TUR,2012,75.06
TUR,2013,75.44
TUR,2014,75.82000000000001
TUR,2015,76.2
TWN,1990,64.2
TWN,1991,64.72
TWN,1992,65.24
TWN,1993,65.76
TWN,1994,66.28
TWN,1995,66.8
TWN,1996,67.46
TWN,1997,68.11999999999999
TWN,1998,68.78
TWN,1999,69.44
TWN,2000,70.1
TWN,2001,70.8
TWN,2002,71.5
TWN,2003,72.19999999999999
TWN,2004,72.89999999999999
TWN,2005,73.6
TWN,2006,74.3
TWN,2007,75.0
TWN,2008,75.69999999999999
TWN,2009,76.39999999999999
TWN,2010,77.1
TWN,2011,77.19999999999999
TWN,2012,77.3
TWN,2013,77.39999999999999
TWN,2014,77.5
TWN,2015,77.6
TZA,1990,39.9
TZA,1991,40.12
TZA,1992,40.339999999999996
TZA,1993,40.56
TZA,1994,40.78
TZA,1995,41.0
TZA,1996,41.42
TZA,1997,41.84
TZA,1998,42.26
TZA,1999,42.68
TZA,2000,43.1
TZA,2001,43.82
TZA,2002,44.54
TZA,2003,45.260000000000005
TZA,2004,45.980000000000004
TZA,2005,46.7
TZA,2006,47.120000000000005
TZA,2007,47.54
TZA,2008,47.96
TZA,2009,48.379999999999995
TZA,2010,48.8
TZA,2011,49.019999999999996
TZA,2012,49.239999999999995
TZA,2013,49.46
TZA,2014,49.68
TZA,2015,49.9
UGA,1990,34.0
UGA,1991,33.98
UGA,1992,33.96
UGA,1993,33.94
UGA,1994,33.92
UGA,1995,33.9
UGA,1996,34.16
UGA,1997,34.42
UGA,1998,34.68
UGA,1999,34.940000000000005
UGA,2000,35.2
UGA,2001,35.800000000000004
UGA,2002,36.400000000000006
UGA,2003,37.0
UGA,2004,37.6
UGA,2005,38.2
UGA,2006,38.84
UGA,2007,39.480000000000004
UGA,2008,40.12
UGA,2009,40.76
UGA,2010,41.4
UGA,2011,41.699999999999996
UGA,2012,42.0
UGA,2013,42.3
UGA,2014,42.6
UGA,2015,42.9
UKR,1990,62.8
UKR,1991,62.12
UKR,1992,61.44
UKR,1993,60.76
UKR,1994,60.08
UKR,1995,59.4
UKR,1996,59.92
UKR,1997,60.44
UKR,1998,60.96
UKR,1999,61.48
UKR,2000,62.0
UKR,2001,62.480000000000004
UKR,2002,62.96
UKR,2003,63.440000000000005
UKR,2004,63.92
UKR,2005,64.4
UKR,2006,65.62
UKR,2007,66.84
UKR,2008,68.06
UKR,2009,69.28
UKR,2010,70.5
UKR,2011,70.94
UKR,2012,71.38
UKR,2013,71.82000000000001
UKR,2014,72.26
UKR,2015,72.7
URY,1990,60.8
URY,1991,61.26
URY,1992,61.72
URY,1993,62.18
URY,1994,62.64
URY,1995,63.1
URY,1996,63.9
URY,1997,64.7
URY,1998,65.5
URY,1999,66.3
URY,2000,67.1
URY,2001,67.42
URY,2002,67.74
URY,2003,68.06
URY,2004,68.38
URY,2005,68.7
URY,2006,69.08
URY,2007,69.46
URY,2008,69.84
URY,2009,70.22
URY,2010,70.6
URY,2011,70.88
URY,2012,71.16
URY,2013,71.44
URY,2014,71.72
URY,2015,72.0
USA,1990,73.7
USA,1991,74.16
USA,1992,74.62
USA,1993,75.08
USA,1994,75.54
USA,1995,76.0
USA,1996,76.36
USA,1997,76.72
USA,1998,77.08
USA,1999,77.44
USA,2000,77.8
USA,2001,78.0
USA,2002,78.2
USA,2003,78.39999999999999
USA,2004,78.6
USA,2005,78.8
USA,2006,79.14
USA,2007,79.48
USA,2008,79.82
USA,2009,80.16
USA,2010,80.5
USA,2011,80.66
USA,2012,80.82
USA,2013,80.98
USA,2014,81.14
USA,2015,81.3
UZB,1990,51.9
UZB,1991,51.86
UZB,1992,51.82
UZB,1993,51.78
UZB,1994,51.74
UZB,1995,51.7
UZB,1996,52.160000000000004
UZB,1997,52.620000000000005
UZB,1998,53.08
UZB,1999,53.54
UZB,2000,54.0
UZB,2001,54.42
UZB,2002,54.84
UZB,2003,55.26
UZB,2004,55.68
UZB,2005,56.1
UZB,2006,56.72
UZB,2007,57.34
UZB,2008,57.96
UZB,2009,58.580000000000005
UZB,2010,59.2
UZB,2011,59.82
UZB,2012,60.44
UZB,2013,61.06
UZB,2014,61.68
UZB,2015,62.3
VCT,1990,50.4
VCT,1991,50.6
VCT,1992,50.8
VCT,1993,51.0
VCT,1994,51.199999999999996
VCT,1995,51.4
VCT,1996,51.72
VCT,1997,52.04
VCT,1998,52.36
VCT,1999,52.68
VCT,2000,53.0
VCT,2001,53.44
VCT,2002,53.88
VCT,2003,54.32
VCT,2004,54.760000000000005
VCT,2005,55.2
VCT,2006,55.5
VCT,2007,55.800000000000004
VCT,2008,56.1
VCT,2009,56.400000000000006
VCT,2010,56.7
VCT,2011,56.86
VCT,2012,57.02
VCT,2013,57.18
VCT,2014,57.34
VCT,2015,57.5
VEN,1990,53.1
VEN,1991,53.6
VEN,1992,54.1
VEN,1993,54.6
VEN,1994,55.1
VEN,1995,55.6
VEN,1996,56.34
VEN,1997,57.08
VEN,1998,57.82
VEN,1999,58.559999999999995
VEN,2000,59.3
VEN,2001,59.9
VEN,2002,60.5
VEN,2003,61.099999999999994
VEN,2004,61.699999999999996
VEN,2005,62.3
VEN,2006,62.68
VEN,2007,63.06
VEN,2008,63.44
VEN,2009,63.82
VEN,2010,64.2
VEN,2011,64.3
VEN,2012,64.4
VEN,2013,64.5
VEN,2014,64.60000000000001
VEN,2015,64.7
VIR,1990,60.4
VIR,1991,60.94
VIR,1992,61.48
VIR,1993,62.02
VIR,1994,62.56
VIR,1995,63.1
VIR,1996,63.64
VIR,1997,64.18
VIR,1998,64.72
VIR,1999,65.25999999999999
VIR,2000,65.8
VIR,2001,66.39999999999999
VIR,2002,67.0
VIR,2003,67.6
VIR,2004,68.2
VIR,2005,68.8
VIR,2006,69.0
VIR,2007,69.2
VIR,2008,69.39999999999999
VIR,2009,69.6
VIR,2010,69.8
VIR,2011,69.88
VIR,2012,69.96
VIR,2013,70.04
VIR,2014,70.12
VIR,2015,70.2
VNM,1990,49.5
VNM,1991,50.08
VNM,1992,50.66
VNM,1993,51.24
VNM,1994,51.82
VNM,1995,52.4
VNM,1996,53.08
VNM,1997,53.76
VNM,1998,54.44
VNM,1999,55.12
VNM,2000,55.8
VNM,2001,56.559999999999995
VNM,2002,57.32
VNM,2003,58.08
VNM,2004,58.84
VNM,2005,59.6
VNM,2006,60.28
VNM,2007,60.96
VNM,2008,61.64
VNM,2009,62.32
VNM,2010,63.0
VNM,2011,63.66
VNM,2012,64.32
VNM,2013,64.98
VNM,2014,65.64
VNM,2015,66.3
VUT,1990,36.4
VUT,1991,36.6
VUT,1992,36.8
VUT,1993,37.0
VUT,1994,37.199999999999996
VUT,1995,37.4
VUT,1996,37.58
VUT,1997,37.76
VUT,1998,37.94
VUT,1999,38.12
VUT,2000,38.3
VUT,2001,38.32
VUT,2002,38.339999999999996
VUT,2003,38.36
VUT,2004,38.379999999999995
VUT,2005,38.4
VUT,2006,38.94
VUT,2007,39.48
VUT,2008,40.02
VUT,2009,40.56
VUT,2010,41.1
VUT,2011,41.5
VUT,2012,41.9
VUT,2013,42.300000000000004
VUT,2014,42.7
VUT,2015,43.1
WSM,1990,50.9
WSM,1991,51.44
WSM,1992,51.98
WSM,1993,52.52
WSM,1994,53.06
WSM,1995,53.6
WSM,1996,54.18
WSM,1997,54.76
WSM,1998,55.34
WSM,1999,55.92
WSM,2000,56.5
WSM,2001,56.92
WSM,2002,57.34
WSM,2003,57.76
WSM,2004,58.18
WSM,2005,58.6
WSM,2006,59.02
WSM,2007,59.440000000000005
WSM,2008,59.86
WSM,2009,60.28
WSM,2010,60.7
WSM,2011,60.980000000000004
WSM,2012,61.260000000000005
WSM,2013,61.54
WSM,2014,61.82
WSM,2015,62.1
YEM,1990,35.2
YEM,1991,35.760000000000005
YEM,1992,36.32
YEM,1993,36.88
YEM,1994,37.44
YEM,1995,38.0
YEM,1996,38.66
YEM,1997,39.32
YEM,1998,39.98
YEM,1999,40.64
YEM,2000,41.3
YEM,2001,41.94
YEM,2002,42.58
YEM,2003,43.22
YEM,2004,43.86
YEM,2005,44.5
YEM,2006,45.16
YEM,2007,45.82
YEM,2008,46.48
YEM,2009,47.14
YEM,2010,47.8
YEM,2011,48.16
YEM,2012,48.519999999999996
YEM,2013,48.88
YEM,2014,49.24
YEM,2015,49.6
ZAF,1990,45.6
ZAF,1991,46.06
ZAF,1992,46.52
ZAF,1993,46.98
ZAF,1994,47.44
ZAF,1995,47.9
ZAF,1996,47.28
ZAF,1997,46.66
ZAF,1998,46.04
ZAF,1999,45.419999999999995
ZAF,2000,44.8
ZAF,2001,44.879999999999995
ZAF,2002,44.96
ZAF,2003,45.04
ZAF,2004,45.120000000000005
ZAF,2005,45.2
ZAF,2006,46.04
ZAF,2007,46.88
ZAF,2008,47.72
ZAF,2009,48.56
ZAF,2010,49.4
ZAF,2011,49.92
ZAF,2012,50.44
ZAF,2013,50.96
ZAF,2014,51.48
ZAF,2015,52.0
ZMB,1990,37.4
ZMB,1991,36.839999999999996
ZMB,1992,36.28
ZMB,1993,35.72
ZMB,1994,35.160000000000004
ZMB,1995,34.6
ZMB,1996,34.54
ZMB,1997,34.48
ZMB,1998,34.42
ZMB,1999,34.36
ZMB,2000,34.3
ZMB,2001,34.54
ZMB,2002,34.78
ZMB,2003,35.019999999999996
ZMB,2004,35.26
ZMB,2005,35.5
ZMB,2006,35.88
ZMB,2007,36.26
ZMB,2008,36.64
ZMB,2009,37.019999999999996
ZMB,2010,37.4
ZMB,2011,38.24
ZMB,2012,39.08
ZMB,2013,39.92
ZMB,2014,40.76
ZMB,2015,41.6
ZWE,1990,48.1
ZWE,1991,48.38
ZWE,1992,48.660000000000004
ZWE,1993,48.94
ZWE,1994,49.22
ZWE,1995,49.5
ZWE,1996,48.68
ZWE,1997,47.86
ZWE,1998,47.04
ZWE,1999,46.22
ZWE,2000,45.4
ZWE,2001,44.68
ZWE,2002,43.96
ZWE,2003,43.239999999999995
ZWE,2004,42.519999999999996
ZWE,2005,41.8
ZWE,2006,41.86
ZWE,2007,41.92
ZWE,2008,41.98
ZWE,2009,42.04
ZWE,2010,42.1
ZWE,2011,43.42
ZWE,2012,44.74
ZWE,2013,46.06
ZWE,2014,47.38
ZWE,2015,48.7
